id,caption,media_type,media_product_type,media_url,permalink,timestamp,like_count,comments_count,thumbnail_url
18097176739749416,"Bener-bener couple goals nih 😍 
_______

Liburan di Kampung Inggris LC tuh lebih dari asik, having fun sambil belajar, tau-tau bahasa Inggris makin lancar✨

Yuk rasain pengalaman tak terlupakan bareng Holiday Ceria. Dibuka 2 batch: 22 dan 29 Desember 2025!

Saatnya isi liburanmu dengan pengalaman asik dan bermanfaat. Klik link di bio sekarang dan amankan kuotamu! 🚀

_______

#bahasainggris #english #englishlearning #englishlanguage #englishcourse #kampunginggris #kampunginggrislc",CAROUSEL_ALBUM,FEED,https://scontent-ord5-2.cdninstagram.com/v/t51.82787-15/568652941_18513468121066403_284631139555209096_n.jpg?stp=dst-jpg_e35_tt6&_nc_cat=1&ccb=1-7&_nc_sid=18de74&efg=eyJlZmdfdGFnIjoiQ0FST1VTRUxfSVRFTS5iZXN0X2ltYWdlX3VybGdlbi5DMyJ9&_nc_ohc=v1UbX2mOb1oQ7kNvwEZbEPT&_nc_oc=AdmBIzpohE-uOdAEyuDBhOfL16X_G_MgDWVFBbKBFE7jVi8yx8omBSvPL9OPYYcmNKI&_nc_zt=23&_nc_ht=scontent-ord5-2.cdninstagram.com&edm=AL-3X8kEAAAA&_nc_gid=ey4hIBxumNLt4qX_EkCheg&oh=00_Aff-LZn28U_rw5dXoPsZys9fvP_u5f9Od4oXm5uWMKRhhQ&oe=68FE4E69,https://www.instagram.com/p/DQGdtjGkvcf/,2025-10-22T06:12:04+0000,223,1,
17890926267359686,"Komen yang mau jadi muridnya Mbak Adele 🤚 
_______

Liburan di Kampung Inggris LC tuh lebih dari asik, having fun sambil belajar, tau-tau bahasa Inggris makin lancar✨

Yuk rasain pengalaman tak terlupakan bareng Holiday Ceria. Dibuka 2 batch: 22 dan 29 Desember 2025!

Saatnya isi liburanmu dengan pengalaman asik dan bermanfaat. Klik link di bio sekarang dan amankan kuotamu! 🚀

_______

#bahasainggris #english #englishlearning #englishlanguage #englishcourse #kampunginggris #kampunginggrislc",VIDEO,REELS,https://scontent-ord5-2.cdninstagram.com/o1/v/t2/f2/m86/AQMvJ42HKDHZ6eURk0x2I558ruzsTOBL5F-_UdTRVXSD0V_TmStz8INoO8NnKYHug4CpuTPTB50lWwm-2TY4w4ZbCEPkmKUGYh2Xrtc.mp4?_nc_cat=102&_nc_sid=5e9851&_nc_ht=scontent-ord5-2.cdninstagram.com&_nc_ohc=W7wr0pme5jQQ7kNvwF7PXDQ&efg=eyJ2ZW5jb2RlX3RhZyI6Inhwdl9wcm9ncmVzc2l2ZS5JTlNUQUdSQU0uQ0xJUFMuQzMuNzIwLmRhc2hfYmFzZWxpbmVfMV92MSIsInhwdl9hc3NldF9pZCI6MzE5MDA4NTMzMTE1MzA2NiwidmlfdXNlY2FzZV9pZCI6MTAwOTksImR1cmF0aW9uX3MiOjEyLCJ1cmxnZW5fc291cmNlIjoid3d3In0%3D&ccb=17-1&vs=5dba07efd20ea1f5&_nc_vs=HBksFQIYUmlnX3hwdl9yZWVsc19wZXJtYW5lbnRfc3JfcHJvZC85MTQyQ0U4MDRDMDdCMUUzQzg4NDg1NTJFMzYwNzg5Q192aWRlb19kYXNoaW5pdC5tcDQVAALIARIAFQIYOnBhc3N0aHJvdWdoX2V2ZXJzdG9yZS9HRzhZX1NFZDdxSnR4azBDQUJZTkRzM2pFWHhjYnN0VEFRQUYVAgLIARIAKAAYABsCiAd1c2Vfb2lsATEScHJvZ3Jlc3NpdmVfcmVjaXBlATEVAAAm1MK777PXqgsVAigCQzMsF0Aoqn752yLRGBJkYXNoX2Jhc2VsaW5lXzFfdjERAHX-B2XmnQEA&_nc_gid=ey4hIBxumNLt4qX_EkCheg&edm=AL-3X8kEAAAA&_nc_zt=28&oh=00_AffK1qvcwXEVDZFSkYC7sUX7d9gmxjeDttlLhWZhQAGnEA&oe=68FA7397,https://www.instagram.com/reel/DQGEowLEitf/,2025-10-22T02:35:21+0000,208,10,https://scontent-ord5-1.cdninstagram.com/v/t51.82787-15/567995819_18513449074066403_3811727560083715531_n.jpg?stp=dst-jpg_e35_tt6&_nc_cat=108&ccb=1-7&_nc_sid=18de74&efg=eyJlZmdfdGFnIjoiQ0xJUFMuYmVzdF9pbWFnZV91cmxnZW4uQzMifQ%3D%3D&_nc_ohc=4a_bBPrHSJ0Q7kNvwHzn3V3&_nc_oc=Adn-yGhSuZbufQfqQTsDLXOnMn1VBgUh8GSruMDmS_EQr3VK_YO167o_81G3GRSWjRI&_nc_zt=23&_nc_ht=scontent-ord5-1.cdninstagram.com&edm=AL-3X8kEAAAA&_nc_gid=ey4hIBxumNLt4qX_EkCheg&oh=00_AfcgOjvu-sTHjrG0jgy_AhrZP-hFQ5eH6Q1NT4RljgYYFQ&oe=68FE66EF
18093483835834410,"Video ini buat kamu yang sering ngerasa stuck waktu belajar bahasa inggris 
_______

Liburan di Kampung Inggris LC tuh lebih dari asik, having fun sambil belajar, tau-tau bahasa Inggris makin lancar✨

Yuk rasain pengalaman tak terlupakan bareng Holiday Ceria. Dibuka 2 batch: 22 dan 29 Desember 2025!

Saatnya isi liburanmu dengan pengalaman asik dan bermanfaat. Klik link di bio sekarang dan amankan kuotamu! 🚀

_______

#bahasainggris #english #englishlearning #englishlanguage #englishcourse #kampunginggris #kampunginggrislc",VIDEO,REELS,https://scontent-ord5-1.cdninstagram.com/o1/v/t2/f2/m86/AQOIaxZROBHGpGra2pk7-pO1zufEOlnAWtqQoxrXT2MoZF-MhnAIz_TR5ETv17hTA47RhMYe2ydXcpB_3zzd96bvsVMQlcfQlP4Cm98.mp4?_nc_cat=111&_nc_sid=5e9851&_nc_ht=scontent-ord5-1.cdninstagram.com&_nc_ohc=rctyGodOjDQQ7kNvwEPh-UB&efg=eyJ2ZW5jb2RlX3RhZyI6Inhwdl9wcm9ncmVzc2l2ZS5JTlNUQUdSQU0uQ0xJUFMuQzMuNzIwLmRhc2hfYmFzZWxpbmVfMV92MSIsInhwdl9hc3NldF9pZCI6MTIwMjE0MjQxMTgyMTAwMywidmlfdXNlY2FzZV9pZCI6MTAwOTksImR1cmF0aW9uX3MiOjUzLCJ1cmxnZW5fc291cmNlIjoid3d3In0%3D&ccb=17-1&vs=e6905ac1a5d64b76&_nc_vs=HBksFQIYUmlnX3hwdl9yZWVsc19wZXJtYW5lbnRfc3JfcHJvZC80ODQ1MDUyQjBFNTE3NjBGQUE4QTE5NjQzQ0I4MUY5M192aWRlb19kYXNoaW5pdC5tcDQVAALIARIAFQIYOnBhc3N0aHJvdWdoX2V2ZXJzdG9yZS9HRWRfM0NIUXJnMDdEcVFFQU9uQldKTDIzTFZHYnN0VEFRQUYVAgLIARIAKAAYABsCiAd1c2Vfb2lsATEScHJvZ3Jlc3NpdmVfcmVjaXBlATEVAAAmlr_o9vLVogQVAigCQzMsF0BKiHKwIMScGBJkYXNoX2Jhc2VsaW5lXzFfdjERAHX-B2XmnQEA&_nc_gid=ey4hIBxumNLt4qX_EkCheg&edm=AL-3X8kEAAAA&_nc_zt=28&oh=00_AffTOxjsEHblTTOA50rZsOEVYhDU8_pDl8Y0ISKnsSj0yw&oe=68FA8604,https://www.instagram.com/reel/DQEj2Pmkp7g/,2025-10-21T12:30:43+0000,53,0,https://scontent-ord5-1.cdninstagram.com/v/t51.71878-15/552146302_1356336676159714_6391235872103273108_n.jpg?stp=dst-jpg_e35_tt6&_nc_cat=111&ccb=1-7&_nc_sid=18de74&efg=eyJlZmdfdGFnIjoiQ0xJUFMuYmVzdF9pbWFnZV91cmxnZW4uQzMifQ%3D%3D&_nc_ohc=EDU6I_jKOmAQ7kNvwHLAZOv&_nc_oc=Adm7_p49VUHUmjIWfDLUPN13T308JhFvl3TwjsV_mOMQI2LlzcdFVhhq8t-s6eZIsvY&_nc_zt=23&_nc_ht=scontent-ord5-1.cdninstagram.com&edm=AL-3X8kEAAAA&_nc_gid=ey4hIBxumNLt4qX_EkCheg&oh=00_AfevEuFKTy5sAEBQDSKX0c4CdrTWhWKEqA0qyIBSdpDkhA&oe=68FE4830
18311853946217235,"Lagu bunda maia kalo dibawain mbak selena jadi apa gais😌
_______

Liburan di Kampung Inggris LC tuh lebih dari asik, having fun sambil belajar, tau-tau bahasa Inggris makin lancar✨

Yuk rasain pengalaman tak terlupakan bareng Holiday Ceria. Dibuka 2 batch: 22 dan 29 Desember 2025

Saatnya isi liburanmu dengan pengalaman asik dan bermanfaat. Klik link di bio sekarang dan amankan kuotamu! 🚀

_______

#bahasainggris #english #englishlearning #englishlanguage #englishcourse #kampunginggris #kampunginggrislc",CAROUSEL_ALBUM,FEED,https://scontent-ord5-3.cdninstagram.com/v/t51.82787-15/568193783_18513219319066403_6232329295146285537_n.jpg?stp=dst-jpg_e35_tt6&_nc_cat=109&ccb=1-7&_nc_sid=18de74&efg=eyJlZmdfdGFnIjoiQ0FST1VTRUxfSVRFTS5iZXN0X2ltYWdlX3VybGdlbi5DMyJ9&_nc_ohc=R-S9JENwlp8Q7kNvwHMgKxX&_nc_oc=AdlXO6xKaaheLTH3hJC2Kik7X1Q2PdBVBeYgM9MlPbsfq-VI_iAEQx3IyBKT7BhEnw8&_nc_zt=23&_nc_ht=scontent-ord5-3.cdninstagram.com&edm=AL-3X8kEAAAA&_nc_gid=ey4hIBxumNLt4qX_EkCheg&oh=00_AfeI6gNwYBTKh3xyBpRyuTZqM8Y5GxZBz4wuCBFi0MQXvA&oe=68FE59D4,https://www.instagram.com/p/DQD2AJwEvV6/,2025-10-21T05:46:36+0000,377,22,
18109828063582773,"Coba absen yang baru tau juga 😌
_______

Liburan di Kampung Inggris LC tuh lebih dari asik, having fun sambil belajar, tau-tau bahasa Inggris makin lancar✨

Yuk rasain pengalaman tak terlupakan bareng Holiday Ceria. Dibuka 2 batch: 22 dan 29 Desember 2025!

Saatnya isi liburanmu dengan pengalaman asik dan bermanfaat. Klik link di bio sekarang dan amankan kuotamu! 🚀

_______

#bahasainggris #english #englishlearning #englishlanguage #englishcourse #kampunginggris #kampunginggrislc",VIDEO,REELS,https://scontent-ord5-3.cdninstagram.com/o1/v/t2/f2/m86/AQM7fopyA0Q4hxpLtTD74mFKiI6mC9iu2QQSMXsBfiDST4YjigUWcFe0k9Oeuf6KJv5eJpL03FreTDdfiCYRUjSKULpwTMRN5srT20M.mp4?_nc_cat=109&_nc_sid=5e9851&_nc_ht=scontent-ord5-3.cdninstagram.com&_nc_ohc=mvkmstXFV7EQ7kNvwGr27bB&efg=eyJ2ZW5jb2RlX3RhZyI6Inhwdl9wcm9ncmVzc2l2ZS5JTlNUQUdSQU0uQ0xJUFMuQzMuNzIwLmRhc2hfYmFzZWxpbmVfMV92MSIsInhwdl9hc3NldF9pZCI6NDE0MTg0MjA1OTM2Mjk4MCwidmlfdXNlY2FzZV9pZCI6MTAwOTksImR1cmF0aW9uX3MiOjU1LCJ1cmxnZW5fc291cmNlIjoid3d3In0%3D&ccb=17-1&vs=4487e65fa8bb60e1&_nc_vs=HBksFQIYUmlnX3hwdl9yZWVsc19wZXJtYW5lbnRfc3JfcHJvZC9FMDQyNTUxMEFCRDcyOEFGRTJBNTYzOTBFNzFGOTdBOV92aWRlb19kYXNoaW5pdC5tcDQVAALIARIAFQIYOnBhc3N0aHJvdWdoX2V2ZXJzdG9yZS9HTTE0dmlFMVB2ZWZDN3dLQUl4YnNMbU83eGdzYnN0VEFRQUYVAgLIARIAKAAYABsCiAd1c2Vfb2lsATEScHJvZ3Jlc3NpdmVfcmVjaXBlATEVAAAmyIrQivi-2w4VAigCQzMsF0BL7tkWhysCGBJkYXNoX2Jhc2VsaW5lXzFfdjERAHX-B2XmnQEA&_nc_gid=ey4hIBxumNLt4qX_EkCheg&edm=AL-3X8kEAAAA&_nc_zt=28&oh=00_AffGljrGhGKAs6ZQSD_hd0F5_eFZKf7_Kesqf3N2E6hrMw&oe=68FA5C06,https://www.instagram.com/reel/DQDcdR_EtYr/,2025-10-21T02:04:10+0000,1149,33,https://scontent-ord5-1.cdninstagram.com/v/t51.82787-15/566998088_18513178033066403_3939236120102546841_n.jpg?stp=dst-jpg_e35_tt6&_nc_cat=108&ccb=1-7&_nc_sid=18de74&efg=eyJlZmdfdGFnIjoiQ0xJUFMuYmVzdF9pbWFnZV91cmxnZW4uQzMifQ%3D%3D&_nc_ohc=lXEbDxY6TuYQ7kNvwFoJ1rj&_nc_oc=AdklwZCEv2418maz23z-9K_k3UhBBrZMeJ19Kew4ShWMoWZP4MeJFhKcnSmNsc6ati4&_nc_zt=23&_nc_ht=scontent-ord5-1.cdninstagram.com&edm=AL-3X8kEAAAA&_nc_gid=ey4hIBxumNLt4qX_EkCheg&oh=00_AffLz8991lE8BuUK2p75ZSfaJDmflm_xVDGRU3oVoLhD9Q&oe=68FE70B6
17951071710040955,"Kampung Inggris LC Makassar 🤩
_______

Liburan di Kampung Inggris LC tuh lebih dari asik, having fun sambil belajar, tau-tau bahasa Inggris makin lancar✨

Yuk rasain pengalaman tak terlupakan bareng Holiday Ceria. Dibuka 2 batch: 22 dan 29 Desember 2025!

Saatnya isi liburanmu dengan pengalaman asik dan bermanfaat. Klik link di bio sekarang dan amankan kuotamu! 🚀

_______

#bahasainggris #english #englishlearning #englishlanguage #englishcourse #kampunginggris #kampunginggrislc",VIDEO,REELS,https://scontent-ord5-2.cdninstagram.com/o1/v/t2/f2/m86/AQMcZ57BTtH3G-uyj_qOXrL_Y_8uv3jC3mHaZtcI5X0gnK3zhc7a8lIwp9Hj3m9HhVl_JKZfPYuyHH8GiQwM4VgDnQgfMLKUap4zIoE.mp4?_nc_cat=105&_nc_sid=5e9851&_nc_ht=scontent-ord5-2.cdninstagram.com&_nc_ohc=Jz2d0Y9nX6oQ7kNvwG6KHEl&efg=eyJ2ZW5jb2RlX3RhZyI6Inhwdl9wcm9ncmVzc2l2ZS5JTlNUQUdSQU0uQ0xJUFMuQzMuNzIwLmRhc2hfYmFzZWxpbmVfMV92MSIsInhwdl9hc3NldF9pZCI6MTE4MTg4Njg5NzE5Mzg0MiwidmlfdXNlY2FzZV9pZCI6MTAwOTksImR1cmF0aW9uX3MiOjM2LCJ1cmxnZW5fc291cmNlIjoid3d3In0%3D&ccb=17-1&vs=324cbbd46c1ebce3&_nc_vs=HBksFQIYUmlnX3hwdl9yZWVsc19wZXJtYW5lbnRfc3JfcHJvZC9FNjRCQUUyMEZEMjY4MTQ3RjY5QzU4NkY2NkY4RTRBMl92aWRlb19kYXNoaW5pdC5tcDQVAALIARIAFQIYOnBhc3N0aHJvdWdoX2V2ZXJzdG9yZS9HSDhXM3lHM1BfM3BEVUpaQUhvZlZfd2lBMnBXYnN0VEFRQUYVAgLIARIAKAAYABsCiAd1c2Vfb2lsATEScHJvZ3Jlc3NpdmVfcmVjaXBlATEVAAAm5I3gyu-6mQQVAigCQzMsF0BCYgxJul41GBJkYXNoX2Jhc2VsaW5lXzFfdjERAHX-B2XmnQEA&_nc_gid=ey4hIBxumNLt4qX_EkCheg&edm=AL-3X8kEAAAA&_nc_zt=28&oh=00_Afeg661eKz3GDV1P1X_vWv1hThHbhmTbu6QTvO6IuFrwdQ&oe=68FA53AA,https://www.instagram.com/reel/DQB9cEpEnBK/,2025-10-20T12:13:54+0000,62,0,https://scontent-ord5-3.cdninstagram.com/v/t51.82787-15/565554857_18513179269066403_4673371504952695153_n.jpg?stp=dst-jpg_e35_tt6&_nc_cat=110&ccb=1-7&_nc_sid=18de74&efg=eyJlZmdfdGFnIjoiQ0xJUFMuYmVzdF9pbWFnZV91cmxnZW4uQzMifQ%3D%3D&_nc_ohc=jwR2SJPbyx8Q7kNvwGmQ2nU&_nc_oc=AdknFw6ya1F_QS9aAL8Yk6-vCL_i89oSoEsJB9JD7E-1Sp8RUuQMb9TDMvhqW7GKR6E&_nc_zt=23&_nc_ht=scontent-ord5-3.cdninstagram.com&edm=AL-3X8kEAAAA&_nc_gid=ey4hIBxumNLt4qX_EkCheg&oh=00_AferbnvHoG7padwte38KVmQhq-Du_fa2ibRSrQrvDGSSOg&oe=68FE6B39
18099892012671266,"Eits jangan yaa 
_______

Liburan di Kampung Inggris LC tuh lebih dari asik, having fun sambil belajar, tau-tau bahasa Inggris makin lancar✨

Yuk rasain pengalaman tak terlupakan bareng Holiday Ceria. Dibuka 2 batch: 22 dan 29 Desember 2025!

Saatnya isi liburanmu dengan pengalaman asik dan bermanfaat. Klik link di bio sekarang dan amankan kuotamu! 🚀

_______

#bahasainggris #english #englishlearning #englishlanguage #englishcourse #kampunginggris #kampunginggrislc",CAROUSEL_ALBUM,FEED,https://scontent-ord5-3.cdninstagram.com/v/t51.82787-15/565691408_18513028147066403_8451711283621504372_n.jpg?stp=dst-jpg_e35_tt6&_nc_cat=100&ccb=1-7&_nc_sid=18de74&efg=eyJlZmdfdGFnIjoiQ0FST1VTRUxfSVRFTS5iZXN0X2ltYWdlX3VybGdlbi5DMyJ9&_nc_ohc=P-P6JHQeujcQ7kNvwF7SM7j&_nc_oc=AdnjBqJe9tX2hv4DiDtdevgEc0tLmmdW9CxsN-JTWzCLute-aOqHL_wDpHYcRsPSWKk&_nc_zt=23&_nc_ht=scontent-ord5-3.cdninstagram.com&edm=AL-3X8kEAAAA&_nc_gid=ey4hIBxumNLt4qX_EkCheg&oh=00_Afc4cV0TMc8UUCyS9tODjTJ2fn5pu8j8hiT8qyBktMzZKw&oe=68FE55BB,https://www.instagram.com/p/DQBQMpIkueN/,2025-10-20T05:37:47+0000,1552,47,
18097301401747830,"Belajar bahasa inggris sih gak usah repot-repot, sama KILC aja 🤩
_______

Liburan di Kampung Inggris LC tuh lebih dari asik, having fun sambil belajar, tau-tau bahasa Inggris makin lancar✨

Yuk rasain pengalaman tak terlupakan bareng Holiday Ceria. Dibuka 2 batch: 22 dan 29 Desember 2025!

Saatnya isi liburanmu dengan pengalaman asik dan bermanfaat. Klik link di bio sekarang dan amankan kuotamu! 🚀

_______

#bahasainggris #english #englishlearning #englishlanguage #englishcourse #kampunginggris #kampunginggrislc",VIDEO,REELS,https://scontent-ord5-2.cdninstagram.com/o1/v/t2/f2/m86/AQNKc0tqSVoSXsOfVqay7dwQq-6jKTPTM_PeQhtox6sCiKg4nzcOcu3D0k2y64KJI5OHf17ZDNvAsvaabjdxa-j4yVdyNojb7LOes7w.mp4?_nc_cat=104&_nc_sid=5e9851&_nc_ht=scontent-ord5-2.cdninstagram.com&_nc_ohc=FsquTy8WgywQ7kNvwG4UNLi&efg=eyJ2ZW5jb2RlX3RhZyI6Inhwdl9wcm9ncmVzc2l2ZS5JTlNUQUdSQU0uQ0xJUFMuQzMuNzIwLmRhc2hfYmFzZWxpbmVfMV92MSIsInhwdl9hc3NldF9pZCI6MTM3Mjg3OTUzMDg3MDUwNiwidmlfdXNlY2FzZV9pZCI6MTAwOTksImR1cmF0aW9uX3MiOjQyLCJ1cmxnZW5fc291cmNlIjoid3d3In0%3D&ccb=17-1&vs=ab6a989e01f41629&_nc_vs=HBksFQIYUmlnX3hwdl9yZWVsc19wZXJtYW5lbnRfc3JfcHJvZC9GMDQ2RjU5REY2RDk1MjgzNkRBQzgwM0M4RkE1NTM5NV92aWRlb19kYXNoaW5pdC5tcDQVAALIARIAFQIYOnBhc3N0aHJvdWdoX2V2ZXJzdG9yZS9HTlczdFNHR3V1Ujd6ME1DQUE2NGJhWWV4NzVBYnN0VEFRQUYVAgLIARIAKAAYABsCiAd1c2Vfb2lsATEScHJvZ3Jlc3NpdmVfcmVjaXBlATEVAAAm1JuOzI2o8AQVAigCQzMsF0BFVT987ZFoGBJkYXNoX2Jhc2VsaW5lXzFfdjERAHX-B2XmnQEA&_nc_gid=ey4hIBxumNLt4qX_EkCheg&edm=AL-3X8kEAAAA&_nc_zt=28&oh=00_Aff__ffIiiZh5eOfAnq1kgACzQbYD_78zpND35qUkgm0kQ&oe=68FA76B9,https://www.instagram.com/reel/DQA2TjgktTY/,2025-10-20T01:53:10+0000,225,8,https://scontent-ord5-3.cdninstagram.com/v/t51.82787-15/567633505_18513178099066403_4098242639754156134_n.jpg?stp=dst-jpg_e35_tt6&_nc_cat=109&ccb=1-7&_nc_sid=18de74&efg=eyJlZmdfdGFnIjoiQ0xJUFMuYmVzdF9pbWFnZV91cmxnZW4uQzMifQ%3D%3D&_nc_ohc=XJZGbifK-yYQ7kNvwHq-nNk&_nc_oc=Adl3EJbNfemeza_8r1HKBgxsWHyaxvS026pG_dJEzic4IkwljXN7wjoZJQtHeuXwfHg&_nc_zt=23&_nc_ht=scontent-ord5-3.cdninstagram.com&edm=AL-3X8kEAAAA&_nc_gid=ey4hIBxumNLt4qX_EkCheg&oh=00_AfeHrkp6ERcs4DEsvo_wj_Np2dW-9gQ_eghDUMr6Au_4zg&oe=68FE4FC0
18119274439520975,"Jadi pengen converse ke crush minca juga deh kalo gini🥹
_______

Liburan di Kampung Inggris LC tuh lebih dari asik, having fun sambil belajar, tau-tau bahasa Inggris makin lancar✨

Yuk rasain pengalaman tak terlupakan bareng Holiday Ceria. Dibuka 2 batch: 22 dan 29 Desember 2025

Saatnya isi liburanmu dengan pengalaman asik dan bermanfaat. Klik link di bio sekarang dan amankan kuotamu! 🚀

_______

#bahasainggris #english #englishlearning #englishlanguage #englishcourse #kampunginggris #kampunginggrislc",VIDEO,REELS,https://scontent-ord5-3.cdninstagram.com/o1/v/t2/f2/m86/AQPcrNlb_LL1SPkDwUsUkcSjqUgnlYIe44wfhggU7cV_lw6XQvG3X4rEx01SjEZtnAKhP7GE0Ryl_M1M90J_Oz4VWd9stQ9d0D4h5rw.mp4?_nc_cat=106&_nc_sid=5e9851&_nc_ht=scontent-ord5-3.cdninstagram.com&_nc_ohc=J1a7IB0wFasQ7kNvwFu4xS7&efg=eyJ2ZW5jb2RlX3RhZyI6Inhwdl9wcm9ncmVzc2l2ZS5JTlNUQUdSQU0uQ0xJUFMuQzMuNzIwLmRhc2hfYmFzZWxpbmVfMV92MSIsInhwdl9hc3NldF9pZCI6MTE2NDkxODMxMjI2Mjk5OCwidmlfdXNlY2FzZV9pZCI6MTAwOTksImR1cmF0aW9uX3MiOjgsInVybGdlbl9zb3VyY2UiOiJ3d3cifQ%3D%3D&ccb=17-1&vs=9461a96ec298af5d&_nc_vs=HBksFQIYUmlnX3hwdl9yZWVsc19wZXJtYW5lbnRfc3JfcHJvZC82QTQwQ0EzOEUyRDI4REQ4MzgxNEI0NTRBQkJBMjM4NV92aWRlb19kYXNoaW5pdC5tcDQVAALIARIAFQIYOnBhc3N0aHJvdWdoX2V2ZXJzdG9yZS9HUG9TM1NIT21QdE43cnNPQUt0QlRQTzRNUVZQYnN0VEFRQUYVAgLIARIAKAAYABsCiAd1c2Vfb2lsATEScHJvZ3Jlc3NpdmVfcmVjaXBlATEVAAAmrPWO45XfkQQVAigCQzMsF0AhLpeNT987GBJkYXNoX2Jhc2VsaW5lXzFfdjERAHX-B2XmnQEA&_nc_gid=ey4hIBxumNLt4qX_EkCheg&edm=AL-3X8kEAAAA&_nc_zt=28&oh=00_AfdD4QViC-lOiWkHGH1IgZQq8Nm18NeF7md0C4cLaj15gA&oe=68FA6B0B,https://www.instagram.com/reel/DP_Y9i5klXk/,2025-10-19T12:17:47+0000,230,38,https://scontent-ord5-3.cdninstagram.com/v/t51.82787-15/567582958_18512902780066403_3462821610720692971_n.jpg?stp=dst-jpg_e35_tt6&_nc_cat=106&ccb=1-7&_nc_sid=18de74&efg=eyJlZmdfdGFnIjoiQ0xJUFMuYmVzdF9pbWFnZV91cmxnZW4uQzMifQ%3D%3D&_nc_ohc=XkjAdaNHyOoQ7kNvwFPZpwN&_nc_oc=AdkVjWfZqV3WwnCRVnGqUCFPlf0P8xLwWAK-MEZw4S_e7Qt7dmsKKQ9Uottv19_Naks&_nc_zt=23&_nc_ht=scontent-ord5-3.cdninstagram.com&edm=AL-3X8kEAAAA&_nc_gid=ey4hIBxumNLt4qX_EkCheg&oh=00_Afcj1PZ4XxiTwqcZTVu9ekqrxuIDVFObx2HSFsBelwRitA&oe=68FE58D1
17878874964309938,"Yang vocab bahasa Inggrisnya masih dikit, kata minca wajib save vocab vocab ini sih~

_______

Liburan di Kampung Inggris LC tuh lebih dari asik, having fun sambil belajar, tau-tau bahasa Inggris makin lancar✨

Yuk rasain pengalaman tak terlupakan bareng Holiday Ceria. Dibuka 2 batch: 22 dan 29 Desember 2025

Saatnya isi liburanmu dengan pengalaman asik dan bermanfaat. Klik link di bio sekarang dan amankan kuotamu! 🚀

_______

#bahasainggris #english #englishlearning #englishlanguage #englishcourse #kampunginggris #kampunginggrislc",CAROUSEL_ALBUM,FEED,https://scontent-ord5-2.cdninstagram.com/v/t51.82787-15/564452250_18512866654066403_1018571311541852554_n.jpg?stp=dst-jpg_e35_tt6&_nc_cat=102&ccb=1-7&_nc_sid=18de74&efg=eyJlZmdfdGFnIjoiQ0FST1VTRUxfSVRFTS5iZXN0X2ltYWdlX3VybGdlbi5DMyJ9&_nc_ohc=jK2okYBopM8Q7kNvwGMwCqn&_nc_oc=AdkRRg9dw_gLg7ArDZl9S7XezIhhQd6c_AYHxJpyn6WggiEtMLcQwL03GbakWrn_hbo&_nc_zt=23&_nc_ht=scontent-ord5-2.cdninstagram.com&edm=AL-3X8kEAAAA&_nc_gid=ey4hIBxumNLt4qX_EkCheg&oh=00_Afe35Trk58kVlKeh29a2SfP0OUDDIUO22bZOFny4cTkxPQ&oe=68FE7539,https://www.instagram.com/p/DP-q4_hkgxX/,2025-10-19T05:33:18+0000,595,0,
17891016885225397,"Emangnya apa sih ges bahasa Inggrisnya banteng?🐂🤔 coba kasih tau minca di komen👀

_______

Liburan di Kampung Inggris LC tuh lebih dari asik, having fun sambil belajar, tau-tau bahasa Inggris makin lancar✨

Yuk rasain pengalaman tak terlupakan bareng Holiday Ceria. Dibuka 2 batch: 22 dan 29 Desember 2025

Saatnya isi liburanmu dengan pengalaman asik dan bermanfaat. Klik link di bio sekarang dan amankan kuotamu! 🚀

_______

#bahasainggris #english #englishlearning #englishlanguage #englishcourse #kampunginggris #kampunginggrislc",VIDEO,REELS,https://scontent-ord5-3.cdninstagram.com/o1/v/t2/f2/m86/AQPYHxEJ2TaTtTT75XIiENMZo1Bas_St8mDBsxdUnsvjJ2KAmbYeY2eeZ67viPEDHoK2GvY0xC-PWuMOqgfYcIklb80wtIsTYEsqZeo.mp4?_nc_cat=100&_nc_sid=5e9851&_nc_ht=scontent-ord5-3.cdninstagram.com&_nc_ohc=p_L5O5eKSNgQ7kNvwEFFGLw&efg=eyJ2ZW5jb2RlX3RhZyI6Inhwdl9wcm9ncmVzc2l2ZS5JTlNUQUdSQU0uQ0xJUFMuQzMuNzIwLmRhc2hfYmFzZWxpbmVfMV92MSIsInhwdl9hc3NldF9pZCI6MTk5NjcwNDcxMTA4OTQzNywidmlfdXNlY2FzZV9pZCI6MTAwOTksImR1cmF0aW9uX3MiOjM3LCJ1cmxnZW5fc291cmNlIjoid3d3In0%3D&ccb=17-1&vs=d0e6438d77416a53&_nc_vs=HBksFQIYUmlnX3hwdl9yZWVsc19wZXJtYW5lbnRfc3JfcHJvZC84ODQ2Q0FDMUFDOTZBQkEzMjdFODA1RjIwNzg3QjI5Rl92aWRlb19kYXNoaW5pdC5tcDQVAALIARIAFQIYOnBhc3N0aHJvdWdoX2V2ZXJzdG9yZS9HTUVBenlIbHNlSWFWVHNFQUx0WVM1a09fZzBRYnN0VEFRQUYVAgLIARIAKAAYABsCiAd1c2Vfb2lsATEScHJvZ3Jlc3NpdmVfcmVjaXBlATEVAAAmuvS0sMH_iwcVAigCQzMsF0BCpLxqfvnbGBJkYXNoX2Jhc2VsaW5lXzFfdjERAHX-B2XmnQEA&_nc_gid=ey4hIBxumNLt4qX_EkCheg&edm=AL-3X8kEAAAA&_nc_zt=28&oh=00_AfeK8g0v2DF7wEj1Q8lTnGLVNeh-JTZbmTwCUwI5O5uhVg&oe=68FA527D,https://www.instagram.com/reel/DP-SSLuEh_z/,2025-10-19T01:59:46+0000,856,63,https://scontent-ord5-2.cdninstagram.com/v/t51.82787-15/568413382_18512828191066403_2175945638373876526_n.jpg?stp=dst-jpg_e35_tt6&_nc_cat=104&ccb=1-7&_nc_sid=18de74&efg=eyJlZmdfdGFnIjoiQ0xJUFMuYmVzdF9pbWFnZV91cmxnZW4uQzMifQ%3D%3D&_nc_ohc=9No_BW5FDIgQ7kNvwGxPUM3&_nc_oc=AdlUwVy43HWQBAiE197_SKG2puZpIWNCfPOctfWarWIPdqwBmBrimCATvH5sOJQjFec&_nc_zt=23&_nc_ht=scontent-ord5-2.cdninstagram.com&edm=AL-3X8kEAAAA&_nc_gid=ey4hIBxumNLt4qX_EkCheg&oh=00_AffjoG-AeVViqQIqWyIVP_Vam3TuILiEIxEbRwaPvdkUMw&oe=68FE5F7D
17988788405855831,"Warga Bogor, are you ready to have a steady progress and level up your English skill?👀

_______

Liburan di Kampung Inggris LC tuh lebih dari asik, having fun sambil belajar, tau-tau bahasa Inggris makin lancar✨

Yuk rasain pengalaman tak terlupakan bareng Holiday Ceria. Dibuka 2 batch: 22 dan 29 Desember 2025

Saatnya isi liburanmu dengan pengalaman asik dan bermanfaat. Klik link di bio sekarang dan amankan kuotamu! 🚀

_______

#bahasainggris #english #englishlearning #englishlanguage #englishcourse #kampunginggris #kampunginggrislc",VIDEO,REELS,https://scontent-ord5-3.cdninstagram.com/o1/v/t2/f2/m86/AQMcTpPJK6NM70iwFKZHn3SlGcv9K8ojXyrUFe8xGF4knCtSfDrzmxQW0zGSqQT3n83SOZNXbQ90JwX0OU2fLU5QznJ5aS1lnkUTzD8.mp4?_nc_cat=109&_nc_sid=5e9851&_nc_ht=scontent-ord5-3.cdninstagram.com&_nc_ohc=fSRmBBy2BaEQ7kNvwG_liDh&efg=eyJ2ZW5jb2RlX3RhZyI6Inhwdl9wcm9ncmVzc2l2ZS5JTlNUQUdSQU0uQ0xJUFMuQzMuNzIwLmRhc2hfYmFzZWxpbmVfMV92MSIsInhwdl9hc3NldF9pZCI6MTM0Mzg4MTg1MDY0ODMzOCwidmlfdXNlY2FzZV9pZCI6MTAwOTksImR1cmF0aW9uX3MiOjUxLCJ1cmxnZW5fc291cmNlIjoid3d3In0%3D&ccb=17-1&vs=be129f959e7fa4b9&_nc_vs=HBksFQIYUmlnX3hwdl9yZWVsc19wZXJtYW5lbnRfc3JfcHJvZC9FODREQzNCRUEyRDIwQTVFQzYxRTBDREI2MEQzMEQ5Ml92aWRlb19kYXNoaW5pdC5tcDQVAALIARIAFQIYOnBhc3N0aHJvdWdoX2V2ZXJzdG9yZS9HREpCeFNGOUN3SW1lX01DQUtOQnhDanlTNEZoYnN0VEFRQUYVAgLIARIAKAAYABsCiAd1c2Vfb2lsATEScHJvZ3Jlc3NpdmVfcmVjaXBlATEVAAAmpNyfhZyQ4wQVAigCQzMsF0BJndLxqfvnGBJkYXNoX2Jhc2VsaW5lXzFfdjERAHX-B2XmnQEA&_nc_gid=ey4hIBxumNLt4qX_EkCheg&edm=AL-3X8kEAAAA&_nc_zt=28&oh=00_AfevT0i1VtCbP8iuNBqZfdNkWRuohALr6o5dZNWhu9X31g&oe=68FA79AA,https://www.instagram.com/reel/DP8y5YrkvzP/,2025-10-18T12:08:46+0000,104,0,https://scontent-ord5-2.cdninstagram.com/v/t51.82787-15/567887241_18512722714066403_4498351683516415610_n.jpg?stp=dst-jpg_e35_tt6&_nc_cat=105&ccb=1-7&_nc_sid=18de74&efg=eyJlZmdfdGFnIjoiQ0xJUFMuYmVzdF9pbWFnZV91cmxnZW4uQzMifQ%3D%3D&_nc_ohc=kVwg5n1ZpfwQ7kNvwEE5aWY&_nc_oc=AdkeDFlYbypPGQuwPSseRnymwclxcFqjmjGJ8peHr6b06gPLSxHdtFDAhz8cVnp0xxg&_nc_zt=23&_nc_ht=scontent-ord5-2.cdninstagram.com&edm=AL-3X8kEAAAA&_nc_gid=ey4hIBxumNLt4qX_EkCheg&oh=00_AfeCEItXsQRESAlWyFHTVS99KNmgLfJnBvQ2enmE4lXmhQ&oe=68FE61CB
18086088404497204,"Memanggil kaum kaum yang nggak suka matcha😌 

_______

Liburan di Kampung Inggris LC tuh lebih dari asik, having fun sambil belajar, tau-tau bahasa Inggris makin lancar✨

Yuk rasain pengalaman tak terlupakan bareng Holiday Ceria. Dibuka 2 batch: 22 dan 29 Desember 2025

Saatnya isi liburanmu dengan pengalaman asik dan bermanfaat. Klik link di bio sekarang dan amankan kuotamu! 🚀

_______

#bahasainggris #english #englishlearning #englishlanguage #englishcourse #kampunginggris #kampunginggrislc",VIDEO,REELS,https://scontent-ord5-2.cdninstagram.com/o1/v/t2/f2/m86/AQMwSrFil_A8QjNlcQSKzJImsarTZkhfb4PU9eHptJdxvmTv9J1ArCJTbo-Ib9_KxMvTqbDIbD9bpGWU3z6IEO4nKrizlwiIfvjfTx4.mp4?_nc_cat=105&_nc_sid=5e9851&_nc_ht=scontent-ord5-2.cdninstagram.com&_nc_ohc=IfAzZCLZQBoQ7kNvwHpJQ6d&efg=eyJ2ZW5jb2RlX3RhZyI6Inhwdl9wcm9ncmVzc2l2ZS5JTlNUQUdSQU0uQ0xJUFMuQzMuNzIwLmRhc2hfYmFzZWxpbmVfMV92MSIsInhwdl9hc3NldF9pZCI6MTc1MzUwMDMyMTk3MTc4NywidmlfdXNlY2FzZV9pZCI6MTAwOTksImR1cmF0aW9uX3MiOjU0LCJ1cmxnZW5fc291cmNlIjoid3d3In0%3D&ccb=17-1&vs=68544e50c2f1bfc6&_nc_vs=HBksFQIYUmlnX3hwdl9yZWVsc19wZXJtYW5lbnRfc3JfcHJvZC8xQTQ2MTc0ODU3MjVBNkZGNjkzQjk2Q0QzRDQwQzhBRV92aWRlb19kYXNoaW5pdC5tcDQVAALIARIAFQIYOnBhc3N0aHJvdWdoX2V2ZXJzdG9yZS9HUE5mcHlFSnBwS2NYSjBDQUtJLVJldWpScGNtYnN0VEFRQUYVAgLIARIAKAAYABsCiAd1c2Vfb2lsATEScHJvZ3Jlc3NpdmVfcmVjaXBlATEVAAAmlvnvvJOznQYVAigCQzMsF0BLVT987ZFoGBJkYXNoX2Jhc2VsaW5lXzFfdjERAHX-B2XmnQEA&_nc_gid=ey4hIBxumNLt4qX_EkCheg&edm=AL-3X8kEAAAA&_nc_zt=28&oh=00_Afd-ZgYtKpxo90uY4Uypy9m-eygzbsK1mX0cyVR2KnSt4Q&oe=68FA789A,https://www.instagram.com/reel/DP7rIswEoTs/,2025-10-18T01:39:29+0000,6924,105,https://scontent-ord5-3.cdninstagram.com/v/t51.82787-15/568663063_18512902870066403_816879251300774488_n.jpg?stp=dst-jpg_e35_tt6&_nc_cat=107&ccb=1-7&_nc_sid=18de74&efg=eyJlZmdfdGFnIjoiQ0xJUFMuYmVzdF9pbWFnZV91cmxnZW4uQzMifQ%3D%3D&_nc_ohc=suPU_UfFlaQQ7kNvwG1BEHl&_nc_oc=AdnxEzRgTm04kNsr6qeu9imIYjjQ__NiZC3iJmMwRPSwgKgrW0EjSKLhudV_1zVTOwE&_nc_zt=23&_nc_ht=scontent-ord5-3.cdninstagram.com&edm=AL-3X8kEAAAA&_nc_gid=ey4hIBxumNLt4qX_EkCheg&oh=00_AfddUUnxMJ2NOCRymysjivRrCdOrGSJWgGzTPdELy8f8Uw&oe=68FE4652
17942159877079341,"Setelah mba Adele, kita coba skill listening English kalian kalo mas tomholland2013 yang ngomong😌

Easy sih kata minca👀~
_______

Liburan di Kampung Inggris LC tuh lebih dari asik, having fun sambil belajar, tau-tau bahasa Inggris makin lancar✨

Yuk rasain pengalaman tak terlupakan bareng Holiday Ceria. Dibuka 2 batch: 22 dan 29 Desember 2025

Saatnya isi liburanmu dengan pengalaman asik dan bermanfaat. Klik link di bio sekarang dan amankan kuotamu! 🚀

_______

#bahasainggris #english #englishlearning #englishlanguage #englishcourse #kampunginggris #kampunginggrislc",VIDEO,REELS,https://scontent-ord5-1.cdninstagram.com/o1/v/t2/f2/m86/AQOE7K2X3x7CNsuRoEobRujsemAy7JkqqpRTWltsRyQv0yL5d0mk86Q6EF_M76ovtFHxbE4C00Bvs7XnSRyOyp8yPE-8xnTmaItZvBE.mp4?_nc_cat=111&_nc_sid=5e9851&_nc_ht=scontent-ord5-1.cdninstagram.com&_nc_ohc=96aBYKHbZBgQ7kNvwH0UNJl&efg=eyJ2ZW5jb2RlX3RhZyI6Inhwdl9wcm9ncmVzc2l2ZS5JTlNUQUdSQU0uQ0xJUFMuQzMuNzIwLmRhc2hfYmFzZWxpbmVfMV92MSIsInhwdl9hc3NldF9pZCI6NzM3NzY0NDk5Mjg1NzI2LCJ2aV91c2VjYXNlX2lkIjoxMDA5OSwiZHVyYXRpb25fcyI6MTQsInVybGdlbl9zb3VyY2UiOiJ3d3cifQ%3D%3D&ccb=17-1&vs=e6b7401cae76f676&_nc_vs=HBksFQIYUmlnX3hwdl9yZWVsc19wZXJtYW5lbnRfc3JfcHJvZC84NDQyQ0FBRDQ5NEI1RkU3MUQwRDlBNkZFNDA0NTc5Ql92aWRlb19kYXNoaW5pdC5tcDQVAALIARIAFQIYOnBhc3N0aHJvdWdoX2V2ZXJzdG9yZS9HTUJIb0NGV0FDbDVEbjBDQUUzMXo2ai1OTW9OYnN0VEFRQUYVAgLIARIAKAAYABsCiAd1c2Vfb2lsATEScHJvZ3Jlc3NpdmVfcmVjaXBlATEVAAAmvJvD7sW_zwIVAigCQzMsF0AsHCj1wo9cGBJkYXNoX2Jhc2VsaW5lXzFfdjERAHX-B2XmnQEA&_nc_gid=ey4hIBxumNLt4qX_EkCheg&edm=AL-3X8kEAAAA&_nc_zt=28&oh=00_Aff22vbSnb88kHCmRchlgdMR8aP8vm1H1o4zg8BcZnh9kA&oe=68FA7680,https://www.instagram.com/reel/DP6P0HSkg6z/,2025-10-17T12:22:50+0000,331,47,https://scontent-ord5-2.cdninstagram.com/v/t51.82787-15/564342551_18512471518066403_2372828846097574184_n.jpg?stp=dst-jpg_e35_tt6&_nc_cat=105&ccb=1-7&_nc_sid=18de74&efg=eyJlZmdfdGFnIjoiQ0xJUFMuYmVzdF9pbWFnZV91cmxnZW4uQzMifQ%3D%3D&_nc_ohc=mNmy0r1HSlkQ7kNvwEB3_qc&_nc_oc=Adn1ytALoyaMQD11n76F9L2qq_gKLZ21-I0z6vdxid_mba4i1guyhN2AYlC4GqSiRF4&_nc_zt=23&_nc_ht=scontent-ord5-2.cdninstagram.com&edm=AL-3X8kEAAAA&_nc_gid=ey4hIBxumNLt4qX_EkCheg&oh=00_AfcKz2zz84tg-Cc37zU39-fZGeVpwcp5gVuIlKvlPgvONA&oe=68FE5089
17899308510318214,"Ternyata beda yaa 😌 
_______

Liburan di Kampung Inggris LC tuh lebih dari asik, having fun sambil belajar, tau-tau bahasa Inggris makin lancar✨

Yuk rasain pengalaman tak terlupakan bareng Holiday Ceria. Dibuka 2 batch: 22 dan 29 Desember 2025!

Saatnya isi liburanmu dengan pengalaman asik dan bermanfaat. Klik link di bio sekarang dan amankan kuotamu! 🚀

_______

#bahasainggris #english #englishlearning #englishlanguage #englishcourse #kampunginggris #kampunginggrislc",CAROUSEL_ALBUM,FEED,https://scontent-ord5-3.cdninstagram.com/v/t51.82787-15/565216231_18512429422066403_6362682244339479953_n.jpg?stp=dst-jpg_e35_tt6&_nc_cat=110&ccb=1-7&_nc_sid=18de74&efg=eyJlZmdfdGFnIjoiQ0FST1VTRUxfSVRFTS5iZXN0X2ltYWdlX3VybGdlbi5DMyJ9&_nc_ohc=jlgQTQUePk4Q7kNvwENA1d3&_nc_oc=AdllLiykAsjsZDaYHdUNuc6UnhfMJ8f-MxuEbeMnXZWkiEkqHMl3hLU5myH6ouDRWeM&_nc_zt=23&_nc_ht=scontent-ord5-3.cdninstagram.com&edm=AL-3X8kEAAAA&_nc_gid=ey4hIBxumNLt4qX_EkCheg&oh=00_AfdONtpxbZQBp1YsAHS4SLJZlUX0k3CJcJbOR8suaAx8fA&oe=68FE6D88,https://www.instagram.com/p/DP5kxfFkuJf/,2025-10-17T06:03:39+0000,1037,10,
18067324787034757,"Save aja dulu, siapa tau butuh 
_______

Liburan di Kampung Inggris LC tuh lebih dari asik, having fun sambil belajar, tau-tau bahasa Inggris makin lancar✨

Yuk rasain pengalaman tak terlupakan bareng Holiday Ceria. Dibuka 2 batch: 22 dan 29 Desember 2025!

Saatnya isi liburanmu dengan pengalaman asik dan bermanfaat. Klik link di bio sekarang dan amankan kuotamu! 🚀

_______

#bahasainggris #english #englishlearning #englishlanguage #englishcourse #kampunginggris #kampunginggrislc",VIDEO,REELS,https://scontent-ord5-2.cdninstagram.com/o1/v/t2/f2/m86/AQM9jHADHv0VUBfR72D0SrDLbPOnezCC41J-Ijku2wkZp5giPn-1AmZ2SrTDgnbgf2kaDuRJCLPZcsjWILBCpuA8DmKaoPJFAVwq8hM.mp4?_nc_cat=102&_nc_sid=5e9851&_nc_ht=scontent-ord5-2.cdninstagram.com&_nc_ohc=I0ATUQ8BbhIQ7kNvwENi7Fk&efg=eyJ2ZW5jb2RlX3RhZyI6Inhwdl9wcm9ncmVzc2l2ZS5JTlNUQUdSQU0uQ0xJUFMuQzMuNzIwLmRhc2hfYmFzZWxpbmVfMV92MSIsInhwdl9hc3NldF9pZCI6MTE3MDc0NzAwODMxMDgxMywidmlfdXNlY2FzZV9pZCI6MTAwOTksImR1cmF0aW9uX3MiOjcsInVybGdlbl9zb3VyY2UiOiJ3d3cifQ%3D%3D&ccb=17-1&vs=8e3037d1ee641f7d&_nc_vs=HBksFQIYUmlnX3hwdl9yZWVsc19wZXJtYW5lbnRfc3JfcHJvZC8zMzQxMTAwMzQ2QURDRjZENEZBOUM5MkJCRjY2OEE4Ql92aWRlb19kYXNoaW5pdC5tcDQVAALIARIAFQIYOnBhc3N0aHJvdWdoX2V2ZXJzdG9yZS9HTlk2c3lHRDlpSUFqMmdIQUZmZV9paTlCd0VSYnN0VEFRQUYVAgLIARIAKAAYABsCiAd1c2Vfb2lsATEScHJvZ3Jlc3NpdmVfcmVjaXBlATEVAAAmuvjq-LiylAQVAigCQzMsF0AcIcrAgxJvGBJkYXNoX2Jhc2VsaW5lXzFfdjERAHX-B2XmnQEA&_nc_gid=ey4hIBxumNLt4qX_EkCheg&edm=AL-3X8kEAAAA&_nc_zt=28&oh=00_AfdBy6abdRkD1ua40yJciePgW7f_CATtFqN97rbPfJX7jw&oe=68FA65D7,https://www.instagram.com/reel/DP5FA7_EgC2/,2025-10-17T01:27:18+0000,1084,19,https://scontent-ord5-2.cdninstagram.com/v/t51.82787-15/565949671_18512346376066403_8591546149720665636_n.jpg?stp=dst-jpg_e35_tt6&_nc_cat=104&ccb=1-7&_nc_sid=18de74&efg=eyJlZmdfdGFnIjoiQ0xJUFMuYmVzdF9pbWFnZV91cmxnZW4uQzMifQ%3D%3D&_nc_ohc=ebqiAO2xFoMQ7kNvwFjZ8Me&_nc_oc=AdmkV0L4n3pjyLM29-xrQ873NT9iwvAjWydf2R2IBjQxtT5gnuU-GG5fTZArf3MB5z8&_nc_zt=23&_nc_ht=scontent-ord5-2.cdninstagram.com&edm=AL-3X8kEAAAA&_nc_gid=ey4hIBxumNLt4qX_EkCheg&oh=00_AfdPZ8ZvpOxzaqup-Q9OOZyv_STJ2Zxu70fySnwVTWqQYw&oe=68FE6A1E
17958425480861975,"Belajar bareng KILC tuh bisa bikin kamu tau progress nya 😍
_______

Liburan di Kampung Inggris LC tuh lebih dari asik, having fun sambil belajar, tau-tau bahasa Inggris makin lancar✨

Yuk rasain pengalaman tak terlupakan bareng Holiday Ceria. Dibuka 2 batch: 22 dan 29 Desember 2025!

Saatnya isi liburanmu dengan pengalaman asik dan bermanfaat. Klik link di bio sekarang dan amankan kuotamu! 🚀

_______

#bahasainggris #english #englishlearning #englishlanguage #englishcourse #kampunginggris #kampunginggrislc",VIDEO,REELS,https://scontent-ord5-3.cdninstagram.com/o1/v/t2/f2/m86/AQPGERNjHUtZpgb5QCrWPRuI3Bf4zebC8rDOWJpBQkZD__mL-EGf_Ir_TNnYE4IsrPJrDN1k7W6OTz8YbJPFr7hgSM5zksSXMFbz-8Q.mp4?_nc_cat=107&_nc_sid=5e9851&_nc_ht=scontent-ord5-3.cdninstagram.com&_nc_ohc=x57idJZz1vYQ7kNvwE5bNvk&efg=eyJ2ZW5jb2RlX3RhZyI6Inhwdl9wcm9ncmVzc2l2ZS5JTlNUQUdSQU0uQ0xJUFMuQzMuNzIwLmRhc2hfYmFzZWxpbmVfMV92MSIsInhwdl9hc3NldF9pZCI6ODAzMDIyNjEyNDUwMzgwLCJ2aV91c2VjYXNlX2lkIjoxMDA5OSwiZHVyYXRpb25fcyI6MzIsInVybGdlbl9zb3VyY2UiOiJ3d3cifQ%3D%3D&ccb=17-1&vs=a756f42f1240d055&_nc_vs=HBksFQIYUmlnX3hwdl9yZWVsc19wZXJtYW5lbnRfc3JfcHJvZC83OTQ0MzA3MzhFMDlGQzU2RTZGNTY3NzA1MUVCRkE5Nl92aWRlb19kYXNoaW5pdC5tcDQVAALIARIAFQIYOnBhc3N0aHJvdWdoX2V2ZXJzdG9yZS9HT19Qd2lGcTdwZS1aUUFFQURKcjBHeFQzS01PYnN0VEFRQUYVAgLIARIAKAAYABsCiAd1c2Vfb2lsATEScHJvZ3Jlc3NpdmVfcmVjaXBlATEVAAAmmLH-2IiW7QIVAigCQzMsF0BARBiTdLxqGBJkYXNoX2Jhc2VsaW5lXzFfdjERAHX-B2XmnQEA&_nc_gid=ey4hIBxumNLt4qX_EkCheg&edm=AL-3X8kEAAAA&_nc_zt=28&oh=00_AfdMYRXIs80UTUFltpLUCcICXmjJg6biMiZBfa4MrwKVzg&oe=68FA8064,https://www.instagram.com/reel/DP3zU2cEkpk/,2025-10-16T13:32:55+0000,92,0,https://scontent-ord5-1.cdninstagram.com/v/t51.71878-15/565556852_852447287106236_5175551048813744407_n.jpg?stp=dst-jpg_e35_tt6&_nc_cat=111&ccb=1-7&_nc_sid=18de74&efg=eyJlZmdfdGFnIjoiQ0xJUFMuYmVzdF9pbWFnZV91cmxnZW4uQzMifQ%3D%3D&_nc_ohc=fN-y2uArt1MQ7kNvwGIErqR&_nc_oc=AdnjixNM830efi6XZXb7_E5cQv0FdYzxMnCQu_ex0Y-IW4yoysIHh6uiPqru2fXgPkU&_nc_zt=23&_nc_ht=scontent-ord5-1.cdninstagram.com&edm=AL-3X8kEAAAA&_nc_gid=ey4hIBxumNLt4qX_EkCheg&oh=00_Afeq4TJfyBpYMWshJ-Xtu9k83YABq1ob0z5ihCZN732ZaA&oe=68FE5FE8
17974672745936189,"Kamu bener berapa guys? 😋
_______

Liburan di Kampung Inggris LC tuh lebih dari asik, having fun sambil belajar, tau-tau bahasa Inggris makin lancar✨

Yuk rasain pengalaman tak terlupakan bareng Holiday Ceria. Dibuka 2 batch: 22 dan 29 Desember 2025!

Saatnya isi liburanmu dengan pengalaman asik dan bermanfaat. Klik link di bio sekarang dan amankan kuotamu! 🚀

_______

#bahasainggris #english #englishlearning #englishlanguage #englishcourse #kampunginggris #kampunginggrislc",CAROUSEL_ALBUM,FEED,https://scontent-ord5-3.cdninstagram.com/v/t51.82787-15/565094233_18512080066066403_4268281782301439624_n.jpg?stp=dst-jpg_e35_tt6&_nc_cat=107&ccb=1-7&_nc_sid=18de74&efg=eyJlZmdfdGFnIjoiQ0FST1VTRUxfSVRFTS5iZXN0X2ltYWdlX3VybGdlbi5DMyJ9&_nc_ohc=ov_1LSqOoQMQ7kNvwG5WfSc&_nc_oc=AdlibAufC9NXBjAbSnoV8Tea1VOdDTjXgOwlozb-_-PwjD_SBmq4W1_BlS9GZ4SkTS4&_nc_zt=23&_nc_ht=scontent-ord5-3.cdninstagram.com&edm=AL-3X8kEAAAA&_nc_gid=ey4hIBxumNLt4qX_EkCheg&oh=00_Aff4iw9MtXGg4CFKWUr80eGGyJdrzv5OaO8Oa_Qqv0mmzA&oe=68FE6855,https://www.instagram.com/p/DP27-TWEjDm/,2025-10-16T05:28:39+0000,1096,51,
18029418935530368,"Next mau liburan kemana nih? Terus pake kendaraan apa? 😋
_______

Liburan di Kampung Inggris LC tuh lebih dari asik, having fun sambil belajar, tau-tau bahasa Inggris makin lancar✨

Yuk rasain pengalaman tak terlupakan bareng Holiday Ceria. Dibuka 2 batch: 22 dan 29 Desember 2025!

Saatnya isi liburanmu dengan pengalaman asik dan bermanfaat. Klik link di bio sekarang dan amankan kuotamu! 🚀

_______

#bahasainggris #english #englishlearning #englishlanguage #englishcourse #kampunginggris #kampunginggrislc",VIDEO,REELS,https://scontent-ord5-1.cdninstagram.com/o1/v/t2/f2/m86/AQPfd4aLb7GeowogJhxIUVndMCgsCi6JVd0AN04qSQUB49hkXPAZVBVCkqZLKD0bC77urNmezisTuRgbFxNICFE_ioUSvJYBNa_65dY.mp4?_nc_cat=108&_nc_sid=5e9851&_nc_ht=scontent-ord5-1.cdninstagram.com&_nc_ohc=CEplZHZRTjIQ7kNvwGP-BoQ&efg=eyJ2ZW5jb2RlX3RhZyI6Inhwdl9wcm9ncmVzc2l2ZS5JTlNUQUdSQU0uQ0xJUFMuQzMuNzIwLmRhc2hfYmFzZWxpbmVfMV92MSIsInhwdl9hc3NldF9pZCI6MTcxNjI3MTM0MjM4MTU5OCwidmlfdXNlY2FzZV9pZCI6MTAwOTksImR1cmF0aW9uX3MiOjIwLCJ1cmxnZW5fc291cmNlIjoid3d3In0%3D&ccb=17-1&vs=68b01cabe80b3271&_nc_vs=HBksFQIYUmlnX3hwdl9yZWVsc19wZXJtYW5lbnRfc3JfcHJvZC9EQzQ0M0FDQTAwODg5RENGNjM4MUMwODVBRjhENjRBQ192aWRlb19kYXNoaW5pdC5tcDQVAALIARIAFQIYOnBhc3N0aHJvdWdoX2V2ZXJzdG9yZS9HRDRXd0NIaFl2YmNuTmdQQUVQc3M1UHVHeVFvYnN0VEFRQUYVAgLIARIAKAAYABsCiAd1c2Vfb2lsATEScHJvZ3Jlc3NpdmVfcmVjaXBlATEVAAAmvKib-5G8jAYVAigCQzMsF0A0CHKwIMScGBJkYXNoX2Jhc2VsaW5lXzFfdjERAHX-B2XmnQEA&_nc_gid=ey4hIBxumNLt4qX_EkCheg&edm=AL-3X8kEAAAA&_nc_zt=28&oh=00_AfdWevS9n6_nchyP2g2ua0-zDWsTYcOt62HMRYx-y-1-hw&oe=68FA61C9,https://www.instagram.com/reel/DP2pHdfEkE9/,2025-10-16T02:44:50+0000,318,13,https://scontent-ord5-2.cdninstagram.com/v/t51.82787-15/565397965_18512067940066403_2144872902276296649_n.jpg?stp=dst-jpg_e35_tt6&_nc_cat=103&ccb=1-7&_nc_sid=18de74&efg=eyJlZmdfdGFnIjoiQ0xJUFMuYmVzdF9pbWFnZV91cmxnZW4uQzMifQ%3D%3D&_nc_ohc=eIPNqBJMrhUQ7kNvwG9hANh&_nc_oc=AdkzjXISaIiRjg7dN34qlBFcxIAoce_YUlzYd7hs-gDpqoCsTbYFAftAsBQspCKFdUY&_nc_zt=23&_nc_ht=scontent-ord5-2.cdninstagram.com&edm=AL-3X8kEAAAA&_nc_gid=ey4hIBxumNLt4qX_EkCheg&oh=00_Afe56sEbD6V9n-_XSMKDQRZjpIOKCaqDEresFCNBiVWkhQ&oe=68FE58A3
18297829180253121,"Bener berapa nih? 😋 
_______

Liburan di Kampung Inggris LC tuh lebih dari asik, having fun sambil belajar, tau-tau bahasa Inggris makin lancar✨

Yuk rasain pengalaman tak terlupakan bareng Holiday Ceria. Dibuka 2 batch: 22 dan 29 Desember 2025!

Saatnya isi liburanmu dengan pengalaman asik dan bermanfaat. Klik link di bio sekarang dan amankan kuotamu! 🚀

_______

#bahasainggris #english #englishlearning #englishlanguage #englishcourse #kampunginggris #kampunginggrislc",VIDEO,REELS,https://scontent-ord5-3.cdninstagram.com/o1/v/t2/f2/m86/AQNHGy3WLYC6scPXR8X5VEKnwVA5DaMU9FDtrQPSzd-eZFJceg1ebgQKWsBNpDpmNrydOiE3yHY-RfX_0NL-F5zdwcKIb8N3bBxwAc4.mp4?_nc_cat=100&_nc_sid=5e9851&_nc_ht=scontent-ord5-3.cdninstagram.com&_nc_ohc=gJGPWhT3loQQ7kNvwFdo_Q7&efg=eyJ2ZW5jb2RlX3RhZyI6Inhwdl9wcm9ncmVzc2l2ZS5JTlNUQUdSQU0uQ0xJUFMuQzMuNzIwLmRhc2hfYmFzZWxpbmVfMV92MSIsInhwdl9hc3NldF9pZCI6Nzk2OTQyNjM5OTI4NjY1LCJ2aV91c2VjYXNlX2lkIjoxMDA5OSwiZHVyYXRpb25fcyI6NDEsInVybGdlbl9zb3VyY2UiOiJ3d3cifQ%3D%3D&ccb=17-1&vs=4682bcc1063dcafe&_nc_vs=HBksFQIYUmlnX3hwdl9yZWVsc19wZXJtYW5lbnRfc3JfcHJvZC9BNDRBNDhGRTc2RTZGQTkxRDNGRjhGN0YwQzQ0OEE4RF92aWRlb19kYXNoaW5pdC5tcDQVAALIARIAFQIYOnBhc3N0aHJvdWdoX2V2ZXJzdG9yZS9HQVBmZXlITC14bVBBZkFDQUVPZFQyQkdLVjhYYnN0VEFRQUYVAgLIARIAKAAYABsCiAd1c2Vfb2lsATEScHJvZ3Jlc3NpdmVfcmVjaXBlATEVAAAmstWsr5W06gIVAigCQzMsF0BEwQYk3S8bGBJkYXNoX2Jhc2VsaW5lXzFfdjERAHX-B2XmnQEA&_nc_gid=ey4hIBxumNLt4qX_EkCheg&edm=AL-3X8kEAAAA&_nc_zt=28&oh=00_AffVxSGZUF5zNspmhYdS03PEbWTrVaMdKRtg0BVEu776ug&oe=68FA6099,https://www.instagram.com/reel/DP0-9KAkq_K/,2025-10-15T11:16:56+0000,1504,58,https://scontent-ord5-2.cdninstagram.com/v/t51.82787-15/565554498_18512075911066403_6914391316310055426_n.jpg?stp=dst-jpg_e35_tt6&_nc_cat=102&ccb=1-7&_nc_sid=18de74&efg=eyJlZmdfdGFnIjoiQ0xJUFMuYmVzdF9pbWFnZV91cmxnZW4uQzMifQ%3D%3D&_nc_ohc=oDxXkXHIuEIQ7kNvwEEex6d&_nc_oc=AdkPbXldgIIcuH_qSLZPdW30wCnK80TBKdx3O-GIcA9KuvAd_a6v2GBglx9P0Q1xvbE&_nc_zt=23&_nc_ht=scontent-ord5-2.cdninstagram.com&edm=AL-3X8kEAAAA&_nc_gid=ey4hIBxumNLt4qX_EkCheg&oh=00_Afej65jPnvsYgsHcs-et8nL_ZRnp64RLWGXSdIaGbrc0gA&oe=68FE6ED9
18386208337120521,"Ternyata El Rumi gak cuma lucu dan ganteng tapi juga pinter bahasa inggris 😋
_______

Pengen lancar Bahasa Inggris dengan cara yang asyik dan tanpa ribet? 😎✨ Yuk langsung aja klik link di bio! Mulai perjalanan belajarmu bareng Kampung Inggris LC sekarang! 🚀
_______

#bahasainggris #english #englishlearning #englishlanguage #englishcourse #kampunginggris #kampunginggrislc",CAROUSEL_ALBUM,FEED,https://scontent-ord5-2.cdninstagram.com/v/t51.82787-15/564871043_18511859188066403_5401514882854101197_n.jpg?stp=dst-jpg_e35_tt6&_nc_cat=105&ccb=1-7&_nc_sid=18de74&efg=eyJlZmdfdGFnIjoiQ0FST1VTRUxfSVRFTS5iZXN0X2ltYWdlX3VybGdlbi5DMyJ9&_nc_ohc=raV1Ep2UwQcQ7kNvwHnQPvB&_nc_oc=AdkKdTDaoHzY49JwPgZfbVUCwS8fFAvRgUbyfA2VOAAdhlLPdE0_YLaxN0bo3KsZEZM&_nc_zt=23&_nc_ht=scontent-ord5-2.cdninstagram.com&edm=AL-3X8kEAAAA&_nc_gid=ey4hIBxumNLt4qX_EkCheg&oh=00_Affq7DnC0DumCq1EUxKHwNwkIycKj4icSYzo6ht2LRbdrg&oe=68FE74EB,https://www.instagram.com/p/DP0a3y2krmY/,2025-10-15T06:00:55+0000,270,6,
17868876684452794,"Ketika kamu belajar bahasa inggris bareng Kampung Inggris LC 🙌
_______

Liburan di Kampung Inggris LC tuh lebih dari asik, having fun sambil belajar, tau-tau bahasa Inggris makin lancar✨

Yuk rasain pengalaman tak terlupakan bareng Holiday Ceria. Dibuka 2 batch: 22 dan 29 Desember 2025!

Saatnya isi liburanmu dengan pengalaman asik dan bermanfaat. Klik link di bio sekarang dan amankan kuotamu! 🚀

_______

#bahasainggris #english #englishlearning #englishlanguage #englishcourse #kampunginggris #kampunginggrislc",VIDEO,REELS,https://scontent-ord5-2.cdninstagram.com/o1/v/t2/f2/m86/AQOdPkrI_ptuM2dxBE6FgyHhMN7DPOuVGc9RQNWp66pJusk0nC9XB9liqUxLauDKFkdMPqmCMnVWJTc074dSPel-T4trpfVVQc8JlOc.mp4?_nc_cat=103&_nc_sid=5e9851&_nc_ht=scontent-ord5-2.cdninstagram.com&_nc_ohc=Muienfn8GB8Q7kNvwGBwG7e&efg=eyJ2ZW5jb2RlX3RhZyI6Inhwdl9wcm9ncmVzc2l2ZS5JTlNUQUdSQU0uQ0xJUFMuQzMuNzIwLmRhc2hfYmFzZWxpbmVfMV92MSIsInhwdl9hc3NldF9pZCI6MTIwMzc0NTIzNDkxNzY2NiwidmlfdXNlY2FzZV9pZCI6MTAwOTksImR1cmF0aW9uX3MiOjM2LCJ1cmxnZW5fc291cmNlIjoid3d3In0%3D&ccb=17-1&vs=736ccb5a51335a13&_nc_vs=HBksFQIYUmlnX3hwdl9yZWVsc19wZXJtYW5lbnRfc3JfcHJvZC8yMzRBNjc1QkEwQ0VCMjI5Rjg4MkMxM0EyREI4MTVCNV92aWRlb19kYXNoaW5pdC5tcDQVAALIARIAFQIYOnBhc3N0aHJvdWdoX2V2ZXJzdG9yZS9HQnlVbENIcEZwZnpnUHhaQUZraWR3ak16V1YtYnN0VEFRQUYVAgLIARIAKAAYABsCiAd1c2Vfb2lsATEScHJvZ3Jlc3NpdmVfcmVjaXBlATEVAAAmxOSE8pizowQVAigCQzMsF0BCJmZmZmZmGBJkYXNoX2Jhc2VsaW5lXzFfdjERAHX-B2XmnQEA&_nc_gid=ey4hIBxumNLt4qX_EkCheg&edm=AL-3X8kEAAAA&_nc_zt=28&oh=00_AfchW95_QABGizfB6g-z0U6eoEuzWz1nuesDQujwj3P4OA&oe=68FA6954,https://www.instagram.com/reel/DP0BrTqkrZw/,2025-10-15T02:22:41+0000,585,16,https://scontent-ord5-3.cdninstagram.com/v/t51.82787-15/564443838_18511782265066403_924356504083132857_n.jpg?stp=dst-jpg_e35_tt6&_nc_cat=100&ccb=1-7&_nc_sid=18de74&efg=eyJlZmdfdGFnIjoiQ0xJUFMuYmVzdF9pbWFnZV91cmxnZW4uQzMifQ%3D%3D&_nc_ohc=lTQs17MR0XoQ7kNvwF-OZSR&_nc_oc=AdksPFQkFIhIgwenURDidqfpU6DNWlyVKAWnrMPN0Z2qk1CRv1KtSXJ0oc3VPcwNGKs&_nc_zt=23&_nc_ht=scontent-ord5-3.cdninstagram.com&edm=AL-3X8kEAAAA&_nc_gid=ey4hIBxumNLt4qX_EkCheg&oh=00_Aff680tk_tKOCWmIguqa1taI-q5_O8bJnmEmfozsQq_itA&oe=68FE50F8
18069519920255432,"Teacher kesayangan siapa nihh 😍😍 
_______

Liburan di Kampung Inggris LC tuh lebih dari asik, having fun sambil belajar, tau-tau bahasa Inggris makin lancar✨

Yuk rasain pengalaman tak terlupakan bareng Holiday Ceria. Dibuka 2 batch: 22 dan 29 Desember 2025!

Saatnya isi liburanmu dengan pengalaman asik dan bermanfaat. Klik link di bio sekarang dan amankan kuotamu! 🚀

_______

#bahasainggris #english #englishlearning #englishlanguage #englishcourse #kampunginggris #kampunginggrislc",VIDEO,REELS,https://scontent-ord5-2.cdninstagram.com/o1/v/t2/f2/m86/AQN4cOit_pMj_x58PnXnyu-VmgTAHDUMVn1bPqTB5qdUwm27CEbHTyhe5heR1bXFurqJ7HgjlvWuPo3AbywKT6KKmCnbzhelrBAjNBk.mp4?_nc_cat=103&_nc_sid=5e9851&_nc_ht=scontent-ord5-2.cdninstagram.com&_nc_ohc=egP6ELDslkMQ7kNvwF_ynne&efg=eyJ2ZW5jb2RlX3RhZyI6Inhwdl9wcm9ncmVzc2l2ZS5JTlNUQUdSQU0uQ0xJUFMuQzMuNzIwLmRhc2hfYmFzZWxpbmVfMV92MSIsInhwdl9hc3NldF9pZCI6MTQxODI0MTk0MDA2MDY1OSwidmlfdXNlY2FzZV9pZCI6MTAwOTksImR1cmF0aW9uX3MiOjEzLCJ1cmxnZW5fc291cmNlIjoid3d3In0%3D&ccb=17-1&vs=38913109728d262d&_nc_vs=HBksFQIYUmlnX3hwdl9yZWVsc19wZXJtYW5lbnRfc3JfcHJvZC9ENjQ2QkU4ODQ2MzcwNDA5NTUzRUI1QTJDNERGMDJCMl92aWRlb19kYXNoaW5pdC5tcDQVAALIARIAFQIYOnBhc3N0aHJvdWdoX2V2ZXJzdG9yZS9HREE0bUNIY21RbmpSYndFQU0wTDhCZXZIbGxyYnN0VEFRQUYVAgLIARIAKAAYABsCiAd1c2Vfb2lsATEScHJvZ3Jlc3NpdmVfcmVjaXBlATEVAAAm5ufX8MX4hAUVAigCQzMsF0ArKPXCj1wpGBJkYXNoX2Jhc2VsaW5lXzFfdjERAHX-B2XmnQEA&_nc_gid=ey4hIBxumNLt4qX_EkCheg&edm=AL-3X8kEAAAA&_nc_zt=28&oh=00_AfdSEH4VgPrJXETstslOQ5xMWJPAIvhhQyCd4CVUe2xhPw&oe=68FA5B24,https://www.instagram.com/reel/DPyiYrmElAd/,2025-10-14T12:28:39+0000,486,22,https://scontent-ord5-3.cdninstagram.com/v/t51.82787-15/565384102_18511561105066403_4481541552132038608_n.jpg?stp=dst-jpg_e35_tt6&_nc_cat=109&ccb=1-7&_nc_sid=18de74&efg=eyJlZmdfdGFnIjoiQ0xJUFMuYmVzdF9pbWFnZV91cmxnZW4uQzMifQ%3D%3D&_nc_ohc=G7HNdrdNZdgQ7kNvwFgE9Xx&_nc_oc=AdnTw6kg0UTnHwJHkmy6OQZPiHU5zkkkwh0-GtzESseKGuTNwtAcb52ig2qCB38I5_0&_nc_zt=23&_nc_ht=scontent-ord5-3.cdninstagram.com&edm=AL-3X8kEAAAA&_nc_gid=ey4hIBxumNLt4qX_EkCheg&oh=00_AfdpiAgDrQ_vj5slRxMWLGt6tYmNiccB_xIvOrrN4i4MXw&oe=68FE4932
18091235764872478,"Bayangin aja deh kalo judulnya jadi gini 
_______

Liburan di Kampung Inggris LC tuh lebih dari asik, having fun sambil belajar, tau-tau bahasa Inggris makin lancar✨

Yuk rasain pengalaman tak terlupakan bareng Holiday Ceria. Dibuka 2 batch: 22 dan 29 Desember 2025

Saatnya isi liburanmu dengan pengalaman asik dan bermanfaat. Klik link di bio sekarang dan amankan kuotamu! 🚀 

_______

#bahasainggris #english #englishlearning #englishlanguage #englishcourse #kampunginggris #kampunginggrislc",CAROUSEL_ALBUM,FEED,https://scontent-ord5-1.cdninstagram.com/v/t51.82787-15/565976420_18511486309066403_3085497690698486365_n.jpg?stp=dst-jpg_e35_tt6&_nc_cat=111&ccb=1-7&_nc_sid=18de74&efg=eyJlZmdfdGFnIjoiQ0FST1VTRUxfSVRFTS5iZXN0X2ltYWdlX3VybGdlbi5DMyJ9&_nc_ohc=gQVF_ixXNWsQ7kNvwH_wLyU&_nc_oc=AdmREkqUs8gplmj76EofVmgVwUWaqmaogC_9mbcBP_K2pTH26McII-MleasePH5gUqQ&_nc_zt=23&_nc_ht=scontent-ord5-1.cdninstagram.com&edm=AL-3X8kEAAAA&_nc_gid=ey4hIBxumNLt4qX_EkCheg&oh=00_AfebmDQyT32BW6FjuF95GmXTLEO0uQ9JFWBmUbUApaRHYA&oe=68FE64E0,https://www.instagram.com/p/DPxuEQ7En1K/,2025-10-14T04:50:56+0000,464,16,
18114725899531384,"Waktunya belajar lagi nih sama Pak Tom Lembong 😋
_______

Pengen lancar Bahasa Inggris dengan cara yang asyik dan tanpa ribet? 😎✨ Yuk langsung aja klik link di bio! Mulai perjalanan belajarmu bareng Kampung Inggris LC sekarang! 🚀
_______

#bahasainggris #english #englishlearning #englishlanguage #englishcourse #kampunginggris #kampunginggrislc",VIDEO,REELS,https://scontent-ord5-2.cdninstagram.com/o1/v/t2/f2/m86/AQMbYyyQBO6F11whVgeTbLu89_UszgVQ1MTOtf4bfZcx_dg8L7jBE8SuSqODya6-KKmFYouV5grYuJoUpRn4e8p7d0Ww2ApJTwnN7Qg.mp4?_nc_cat=105&_nc_sid=5e9851&_nc_ht=scontent-ord5-2.cdninstagram.com&_nc_ohc=1X5bZ1vk9XwQ7kNvwGPJKWF&efg=eyJ2ZW5jb2RlX3RhZyI6Inhwdl9wcm9ncmVzc2l2ZS5JTlNUQUdSQU0uQ0xJUFMuQzMuNzIwLmRhc2hfYmFzZWxpbmVfMV92MSIsInhwdl9hc3NldF9pZCI6NTAzNjU0OTExOTkwMzg3NywidmlfdXNlY2FzZV9pZCI6MTAwOTksImR1cmF0aW9uX3MiOjYwLCJ1cmxnZW5fc291cmNlIjoid3d3In0%3D&ccb=17-1&vs=b96ca3b8af3c5fd8&_nc_vs=HBksFQIYUmlnX3hwdl9yZWVsc19wZXJtYW5lbnRfc3JfcHJvZC9BRDQzRjUxRDkxRTg0ODg2QTFGNEUxMzU3QTlCMEQ4NF92aWRlb19kYXNoaW5pdC5tcDQVAALIARIAFQIYOnBhc3N0aHJvdWdoX2V2ZXJzdG9yZS9HQVAtbFNGSUNoNGZMMEFGQUwzM0treTBMdHRwYnN0VEFRQUYVAgLIARIAKAAYABsCiAd1c2Vfb2lsATEScHJvZ3Jlc3NpdmVfcmVjaXBlATEVAAAmiqL8kt-t8hEVAigCQzMsF0BONqfvnbItGBJkYXNoX2Jhc2VsaW5lXzFfdjERAHX-B2XmnQEA&_nc_gid=ey4hIBxumNLt4qX_EkCheg&edm=AL-3X8kEAAAA&_nc_zt=28&oh=00_AfcLYnpD8DLlUabru7VEx6PdJQmakcw3qZ7v5bCdFQ8fCQ&oe=68FA79EE,https://www.instagram.com/reel/DPxWNC3kqT1/,2025-10-14T01:23:21+0000,339,14,https://scontent-ord5-3.cdninstagram.com/v/t51.82787-15/562673317_18511468312066403_25756733154173745_n.jpg?stp=dst-jpg_e35_tt6&_nc_cat=106&ccb=1-7&_nc_sid=18de74&efg=eyJlZmdfdGFnIjoiQ0xJUFMuYmVzdF9pbWFnZV91cmxnZW4uQzMifQ%3D%3D&_nc_ohc=Vb5qNEHvImoQ7kNvwGMx3hc&_nc_oc=AdkQDeWbZlTFeaC-djQryfSbfcthMevv2gbn0HZ7yhGtKtfs1TcNXeLdXrq5zDUBuZg&_nc_zt=23&_nc_ht=scontent-ord5-3.cdninstagram.com&edm=AL-3X8kEAAAA&_nc_gid=ey4hIBxumNLt4qX_EkCheg&oh=00_AfdLhKkWQfDjR4Nei2nj49yRHXuRrx76MH9O4_AsUxnyWw&oe=68FE7B4A
18147139489422991,"Kalo pengen ke KILC bareng temen satu sekolah juga kaya adik-adik rombongan marifatussalaam bes_marifatussalaam  bisa DM Minca ya 🤩
_______

Pengen lancar Bahasa Inggris dengan cara yang asyik dan tanpa ribet? 😎✨ Yuk langsung aja klik link di bio! Mulai perjalanan belajarmu bareng Kampung Inggris LC sekarang! 🚀
_______

#bahasainggris #english #englishlearning #englishlanguage #englishcourse #kampunginggris #kampunginggrislc",VIDEO,REELS,https://scontent-ord5-3.cdninstagram.com/o1/v/t2/f2/m86/AQNR7GQyNZNrl4cgm0Jiq50UvlzSssRcCy0_s31fi2ZD1wxn0__zdW6yU_tbGJ_YPeFBzWkeyxb4sgMIcIDB9j9uvaiGceRFs7DcO10.mp4?_nc_cat=100&_nc_sid=5e9851&_nc_ht=scontent-ord5-3.cdninstagram.com&_nc_ohc=gPNEbx_UI54Q7kNvwHYN4iX&efg=eyJ2ZW5jb2RlX3RhZyI6Inhwdl9wcm9ncmVzc2l2ZS5JTlNUQUdSQU0uQ0xJUFMuQzMuNzIwLmRhc2hfYmFzZWxpbmVfMV92MSIsInhwdl9hc3NldF9pZCI6Njk1MDkzNTQzMDUwMTIwLCJ2aV91c2VjYXNlX2lkIjoxMDA5OSwiZHVyYXRpb25fcyI6MzEsInVybGdlbl9zb3VyY2UiOiJ3d3cifQ%3D%3D&ccb=17-1&vs=cc0e7badc275833a&_nc_vs=HBksFQIYUmlnX3hwdl9yZWVsc19wZXJtYW5lbnRfc3JfcHJvZC8yNDREQkQzMTdDQTg3NDhBQzA1QjUwQTU5OTg2Q0NCRV92aWRlb19kYXNoaW5pdC5tcDQVAALIARIAFQIYOnBhc3N0aHJvdWdoX2V2ZXJzdG9yZS9HRGNNbENHa09pd0xxbklGQU9LcUEtRExCaUZoYnN0VEFRQUYVAgLIARIAKAAYABsCiAd1c2Vfb2lsATEScHJvZ3Jlc3NpdmVfcmVjaXBlATEVAAAmkO7Au-KLvAIVAigCQzMsF0A_3XCj1wo9GBJkYXNoX2Jhc2VsaW5lXzFfdjERAHX-B2XmnQEA&_nc_gid=ey4hIBxumNLt4qX_EkCheg&edm=AL-3X8kEAAAA&_nc_zt=28&oh=00_AfeRSkfYCzJziDsHcWC0ZYirtZYN_Id1OFrZrZv_hE4Dnw&oe=68FA51B1,https://www.instagram.com/reel/DPv78RjEnnD/,2025-10-13T12:16:01+0000,137,3,https://scontent-ord5-3.cdninstagram.com/v/t51.82787-15/563747485_18511297351066403_1497212449356427535_n.jpg?stp=dst-jpg_e35_tt6&_nc_cat=109&ccb=1-7&_nc_sid=18de74&efg=eyJlZmdfdGFnIjoiQ0xJUFMuYmVzdF9pbWFnZV91cmxnZW4uQzMifQ%3D%3D&_nc_ohc=9__fah11ZA4Q7kNvwHO2mSZ&_nc_oc=AdmJTXnX_2lzS8y4BolV3YVD5fDec1mp2Ia83d-xx27aDbqKxnH4OUgVbAxAq66kMMw&_nc_zt=23&_nc_ht=scontent-ord5-3.cdninstagram.com&edm=AL-3X8kEAAAA&_nc_gid=ey4hIBxumNLt4qX_EkCheg&oh=00_Afe_XJeTw-WXcW2P2uQAfvgl0SJdg7N4yiTzMRhQigYebg&oe=68FE5652
18051877103322039,"Hah heh hoh banget 😭
_______

Pengen lancar Bahasa Inggris dengan cara yang asyik dan tanpa ribet? 😎✨ Yuk langsung aja klik link di bio! Mulai perjalanan belajarmu bareng Kampung Inggris LC sekarang! 🚀
_______

#bahasainggris #english #englishlearning #englishlanguage #englishcourse #kampunginggris #kampunginggrislc",CAROUSEL_ALBUM,FEED,https://scontent-ord5-1.cdninstagram.com/v/t51.82787-15/563361413_18511246261066403_8044132232113023270_n.jpg?stp=dst-jpg_e35_tt6&_nc_cat=101&ccb=1-7&_nc_sid=18de74&efg=eyJlZmdfdGFnIjoiQ0FST1VTRUxfSVRFTS5iZXN0X2ltYWdlX3VybGdlbi5DMyJ9&_nc_ohc=XOBddN0A744Q7kNvwEO5SFc&_nc_oc=AdmHRcXZJroDCTFyOFZwQIzpSbwdNAYfvkYsXK0cXFA__Yfvs5r5wkZZUdFmfcsDSeg&_nc_zt=23&_nc_ht=scontent-ord5-1.cdninstagram.com&edm=AL-3X8kEAAAA&_nc_gid=ey4hIBxumNLt4qX_EkCheg&oh=00_AfdkrkF57v3ykMva53wmROnkvVGJCnujH4I4axytTpghkA&oe=68FE69D1,https://www.instagram.com/p/DPvTIHYkg3V/,2025-10-13T06:17:03+0000,462,18,
17924916699118906,"Ini bedanya bahasa inggris yang diajarin di sekolah sama bahasa inggrisnya bule 😌
_______

Pengen lancar Bahasa Inggris dengan cara yang asyik dan tanpa ribet? 😎✨ Yuk langsung aja klik link di bio! Mulai perjalanan belajarmu bareng Kampung Inggris LC sekarang! 🚀
_______

#bahasainggris #english #englishlearning #englishlanguage #englishcourse #kampunginggris #kampunginggrislc",VIDEO,REELS,https://scontent-ord5-2.cdninstagram.com/o1/v/t2/f2/m86/AQOZD_BWNy91U2-SoSEO6NxGGaCM_zGZPccy7K8wXRTLU5Rcdb9gHCCKhdM1uCBCwV1leX742wColh25jLOoBq-ImrksTQwTXhUfKkI.mp4?_nc_cat=105&_nc_sid=5e9851&_nc_ht=scontent-ord5-2.cdninstagram.com&_nc_ohc=iWL5yDO3AyYQ7kNvwGf-pc6&efg=eyJ2ZW5jb2RlX3RhZyI6Inhwdl9wcm9ncmVzc2l2ZS5JTlNUQUdSQU0uQ0xJUFMuQzMuNzIwLmRhc2hfYmFzZWxpbmVfMV92MSIsInhwdl9hc3NldF9pZCI6MTc1NTMwMTg5NTEyODg5OCwidmlfdXNlY2FzZV9pZCI6MTAwOTksImR1cmF0aW9uX3MiOjM1LCJ1cmxnZW5fc291cmNlIjoid3d3In0%3D&ccb=17-1&vs=838535aa4a6b9ff2&_nc_vs=HBksFQIYUmlnX3hwdl9yZWVsc19wZXJtYW5lbnRfc3JfcHJvZC9GNjRFMEUwNTREMTAxQ0Y4RTk1MjZBNTE0QjA3MkFBNF92aWRlb19kYXNoaW5pdC5tcDQVAALIARIAFQIYOnBhc3N0aHJvdWdoX2V2ZXJzdG9yZS9HTTZyaHlGNHRORGNoVTBFQUNYQVZYS1ZKNkZQYnN0VEFRQUYVAgLIARIAKAAYABsCiAd1c2Vfb2lsATEScHJvZ3Jlc3NpdmVfcmVjaXBlATEVAAAmhJ32noKcngYVAigCQzMsF0BByLQ5WBBiGBJkYXNoX2Jhc2VsaW5lXzFfdjERAHX-B2XmnQEA&_nc_gid=ey4hIBxumNLt4qX_EkCheg&edm=AL-3X8kEAAAA&_nc_zt=28&oh=00_AffBniX1HWsN_MKVJTwIGvGsZbCMlvo4baJV9syh_xuKCg&oe=68FA6EF2,https://www.instagram.com/reel/DPuurU-kvM6/,2025-10-13T00:59:47+0000,349,20,https://scontent-ord5-2.cdninstagram.com/v/t51.82787-15/563400527_18511170442066403_3176084715460321254_n.jpg?stp=dst-jpg_e35_tt6&_nc_cat=104&ccb=1-7&_nc_sid=18de74&efg=eyJlZmdfdGFnIjoiQ0xJUFMuYmVzdF9pbWFnZV91cmxnZW4uQzMifQ%3D%3D&_nc_ohc=pOelG7HKnTYQ7kNvwFX1gdQ&_nc_oc=Admja-H4xY2cYU4qonxiOr4ms1bNmFzftrHaiu_J1y4WGhW6lGZFKOExb7ATB3LcL-c&_nc_zt=23&_nc_ht=scontent-ord5-2.cdninstagram.com&edm=AL-3X8kEAAAA&_nc_gid=ey4hIBxumNLt4qX_EkCheg&oh=00_AfeTO25vEeZvyQ-MAsMIW4uRTC3VDGqeIkV3HRMcNX0C8Q&oe=68FE519C
18531796276042318,"Jadi apa bahasa inggrisnya? 
_______

Pengen lancar Bahasa Inggris dengan cara yang asyik dan tanpa ribet? 😎✨ Yuk langsung aja klik link di bio! Mulai perjalanan belajarmu bareng Kampung Inggris LC sekarang! 🚀
_______

#bahasainggris #english #englishlearning #englishlanguage #englishcourse #kampunginggris #kampunginggrislc",VIDEO,REELS,https://scontent-ord5-1.cdninstagram.com/o1/v/t2/f2/m86/AQP2KtarLwGxWO8omHpqZL0RTF9bFUvjNRNTNUkZO8Sv1Y0svAeATa78-uFyvPyn3R3YlEs0TknIoBTSXjslWy5t-MH9RH9S-Ty2uIY.mp4?_nc_cat=108&_nc_sid=5e9851&_nc_ht=scontent-ord5-1.cdninstagram.com&_nc_ohc=cP4JyBvFplMQ7kNvwGsv7rr&efg=eyJ2ZW5jb2RlX3RhZyI6Inhwdl9wcm9ncmVzc2l2ZS5JTlNUQUdSQU0uQ0xJUFMuQzMuNzIwLmRhc2hfYmFzZWxpbmVfMV92MSIsInhwdl9hc3NldF9pZCI6MTQ0MDIyNzAwMzcyODYyNiwidmlfdXNlY2FzZV9pZCI6MTAwOTksImR1cmF0aW9uX3MiOjEzLCJ1cmxnZW5fc291cmNlIjoid3d3In0%3D&ccb=17-1&vs=e16a4e83498302ba&_nc_vs=HBksFQIYUmlnX3hwdl9yZWVsc19wZXJtYW5lbnRfc3JfcHJvZC81MzRBNjMxQTQzQjNFOTdFRDIxNzQ0OUNGRjMxODA4QV92aWRlb19kYXNoaW5pdC5tcDQVAALIARIAFQIYOnBhc3N0aHJvdWdoX2V2ZXJzdG9yZS9HQ1llZGlIZ1FDVlNuc1VFQUVRc2NkQVJPc1JTYnN0VEFRQUYVAgLIARIAKAAYABsCiAd1c2Vfb2lsATEScHJvZ3Jlc3NpdmVfcmVjaXBlATEVAAAm5Iugr5_4jgUVAigCQzMsF0AqMSbpeNT-GBJkYXNoX2Jhc2VsaW5lXzFfdjERAHX-B2XmnQEA&_nc_gid=ey4hIBxumNLt4qX_EkCheg&edm=AL-3X8kEAAAA&_nc_zt=28&oh=00_Afc2LAVXXlAWoAwS1FVvFLIIBfHnSX2MOIJdrksZiMxnQw&oe=68FA76B5,https://www.instagram.com/reel/DPtZlasEni7/,2025-10-12T12:36:04+0000,3221,153,https://scontent-ord5-2.cdninstagram.com/v/t51.82787-15/563530573_18511079254066403_4518481417281343510_n.jpg?stp=dst-jpg_e35_tt6&_nc_cat=104&ccb=1-7&_nc_sid=18de74&efg=eyJlZmdfdGFnIjoiQ0xJUFMuYmVzdF9pbWFnZV91cmxnZW4uQzMifQ%3D%3D&_nc_ohc=unCDFXHFmYgQ7kNvwFnKuo6&_nc_oc=AdnBJlB2u9a0sHBbZP8yVxxFuJ_l86CoTxv3HyIvQEW0XUNN9hpHULQi5yf2fZs7DWQ&_nc_zt=23&_nc_ht=scontent-ord5-2.cdninstagram.com&edm=AL-3X8kEAAAA&_nc_gid=ey4hIBxumNLt4qX_EkCheg&oh=00_Afdyb7rVj98AifDzExac67ODHbNWs5lc0CNM0fRVnJqqtA&oe=68FE4C22
18001272185820422,"Yang terakhir apa hayo?
_______

Pengen lancar Bahasa Inggris dengan cara yang asyik dan tanpa ribet? 😎✨ Yuk langsung aja klik link di bio! Mulai perjalanan belajarmu bareng Kampung Inggris LC sekarang! 🚀
_______

#bahasainggris #english #englishlearning #englishlanguage #englishcourse #kampunginggris #kampunginggrislc",CAROUSEL_ALBUM,FEED,https://scontent-ord5-3.cdninstagram.com/v/t51.82787-15/562793849_18511000537066403_5206738677331178617_n.jpg?stp=dst-jpg_e35_tt6&_nc_cat=100&ccb=1-7&_nc_sid=18de74&efg=eyJlZmdfdGFnIjoiQ0FST1VTRUxfSVRFTS5iZXN0X2ltYWdlX3VybGdlbi5DMyJ9&_nc_ohc=AnnXWT9GRu4Q7kNvwGK3W2H&_nc_oc=AdkRZHvIXICxIc0BZd72ZbSRFuQsDh4cgaejCcTNaT_yT4vRSCup5dY3LyKuFF1fleQ&_nc_zt=23&_nc_ht=scontent-ord5-3.cdninstagram.com&edm=AL-3X8kEAAAA&_nc_gid=ey4hIBxumNLt4qX_EkCheg&oh=00_AffWNjNDyIpMlY4mG8SZXOImb89hfi6UmQHB48qqx2Jgyw&oe=68FE7BE5,https://www.instagram.com/p/DPss9E4ksnb/,2025-10-12T06:05:00+0000,620,32,
18053936957635835,"Ada yang tau bahasa inggrisnya penyu? 
_______

Pengen lancar Bahasa Inggris dengan cara yang asyik dan tanpa ribet? 😎✨ Yuk langsung aja klik link di bio! Mulai perjalanan belajarmu bareng Kampung Inggris LC sekarang! 🚀
_______

#bahasainggris #english #englishlearning #englishlanguage #englishcourse #kampunginggris #kampunginggrislc",VIDEO,REELS,https://scontent-ord5-2.cdninstagram.com/o1/v/t2/f2/m86/AQNjVyvswTrnzEG_Z5acDU8bO0V-F0pxL23D_EdG-onO1ZIM5NlJEX2bs-a2cARpJZn7W2521OsrfpXhDf0cJcwaBZtm5Z1-tXLmjSU.mp4?_nc_cat=105&_nc_sid=5e9851&_nc_ht=scontent-ord5-2.cdninstagram.com&_nc_ohc=8LzPGwy-zuEQ7kNvwGUGpmi&efg=eyJ2ZW5jb2RlX3RhZyI6Inhwdl9wcm9ncmVzc2l2ZS5JTlNUQUdSQU0uQ0xJUFMuQzMuNzIwLmRhc2hfYmFzZWxpbmVfMV92MSIsInhwdl9hc3NldF9pZCI6MTE0ODAyNjI2MzMyNzg0OSwidmlfdXNlY2FzZV9pZCI6MTAwOTksImR1cmF0aW9uX3MiOjU0LCJ1cmxnZW5fc291cmNlIjoid3d3In0%3D&ccb=17-1&vs=d90dfe63764fe39b&_nc_vs=HBksFQIYUmlnX3hwdl9yZWVsc19wZXJtYW5lbnRfc3JfcHJvZC8xNzQyMjNBOUYzRkMwMjk3REIwRjM4NEU3NzdDRTY5QV92aWRlb19kYXNoaW5pdC5tcDQVAALIARIAFQIYOnBhc3N0aHJvdWdoX2V2ZXJzdG9yZS9HS1RaZXlFeUxrcHhsTzRDQUhOaVpDM1hLb2tGYnN0VEFRQUYVAgLIARIAKAAYABsCiAd1c2Vfb2lsATEScHJvZ3Jlc3NpdmVfcmVjaXBlATEVAAAm0tHymfaHigQVAigCQzMsF0BLTEm6XjU_GBJkYXNoX2Jhc2VsaW5lXzFfdjERAHX-B2XmnQEA&_nc_gid=ey4hIBxumNLt4qX_EkCheg&edm=AL-3X8kEAAAA&_nc_zt=28&oh=00_AfedLhUI5qWEXrUaF7rzxjwaGgzK7JJODBrWw03jpufdIA&oe=68FA831A,https://www.instagram.com/reel/DPsIgXokowJ/,2025-10-12T00:47:24+0000,2121,66,https://scontent-ord5-1.cdninstagram.com/v/t51.82787-15/563991582_18511872490066403_5428230504172584142_n.jpg?stp=dst-jpg_e35_tt6&_nc_cat=111&ccb=1-7&_nc_sid=18de74&efg=eyJlZmdfdGFnIjoiQ0xJUFMuYmVzdF9pbWFnZV91cmxnZW4uQzMifQ%3D%3D&_nc_ohc=vZ6KhElUU0oQ7kNvwGZh7Zc&_nc_oc=AdkkvTi_jVC6DHu0ThRZdHKGp7u8frjhrvFKENI2YiKlDDn87OCBlQnYbHGOr8zwoNU&_nc_zt=23&_nc_ht=scontent-ord5-1.cdninstagram.com&edm=AL-3X8kEAAAA&_nc_gid=ey4hIBxumNLt4qX_EkCheg&oh=00_AfeSxT0R4ZsM582oE979ECXRpXxZbZBi4WTBJg_LY3fqSA&oe=68FE4650
18119010808516485,"Selamat kepada para pemenang 🎉🥳
_______

Pengen lancar Bahasa Inggris dengan cara yang asyik dan tanpa ribet? 😎✨ Yuk langsung aja klik link di bio! Mulai perjalanan belajarmu bareng Kampung Inggris LC sekarang! 🚀
_______

#bahasainggris #english #englishlearning #englishlanguage #englishcourse #kampunginggris #kampunginggrislc",VIDEO,REELS,https://scontent-ord5-2.cdninstagram.com/o1/v/t2/f2/m86/AQNRkd47mL7p9344JlJ1tud8JIqHRJULJ9qM_rI4NZY6nWBEIM6niGxmZOrM0NOBlZV7ep4bvUNqoZp5_qCAJi-Bk65itlgU9c0Kf78.mp4?_nc_cat=104&_nc_sid=5e9851&_nc_ht=scontent-ord5-2.cdninstagram.com&_nc_ohc=MKROSZlf6y8Q7kNvwEMwgGQ&efg=eyJ2ZW5jb2RlX3RhZyI6Inhwdl9wcm9ncmVzc2l2ZS5JTlNUQUdSQU0uQ0xJUFMuQzMuNzIwLmRhc2hfYmFzZWxpbmVfMV92MSIsInhwdl9hc3NldF9pZCI6MTEzNjgyODE1ODAxMjY0NywidmlfdXNlY2FzZV9pZCI6MTAwOTksImR1cmF0aW9uX3MiOjUzLCJ1cmxnZW5fc291cmNlIjoid3d3In0%3D&ccb=17-1&vs=9a4462159a77e6d9&_nc_vs=HBksFQIYUmlnX3hwdl9yZWVsc19wZXJtYW5lbnRfc3JfcHJvZC9BNjQ0N0U2Q0NDRkVCOEYwNDEyOUZFRkVGOTU4NDlBMV92aWRlb19kYXNoaW5pdC5tcDQVAALIARIAFQIYOnBhc3N0aHJvdWdoX2V2ZXJzdG9yZS9HRnZJV1NHR0EzVnlHTUFDQVBLa1NkeEhIQmthYnN0VEFRQUYVAgLIARIAKAAYABsCiAd1c2Vfb2lsATEScHJvZ3Jlc3NpdmVfcmVjaXBlATEVAAAmzrO76I38hAQVAigCQzMsF0BKlT987ZFoGBJkYXNoX2Jhc2VsaW5lXzFfdjERAHX-B2XmnQEA&_nc_gid=ey4hIBxumNLt4qX_EkCheg&edm=AL-3X8kEAAAA&_nc_zt=28&oh=00_AffyzbJfTudF9QSEeHDNYZ6du7eWsYqdrkgM0fVJjqaZnA&oe=68FA52ED,https://www.instagram.com/reel/DPqtaaZksI9/,2025-10-11T11:31:37+0000,120,0,https://scontent-ord5-1.cdninstagram.com/v/t51.82787-15/565737711_18511872418066403_1958446206237175451_n.jpg?stp=dst-jpg_e35_tt6&_nc_cat=101&ccb=1-7&_nc_sid=18de74&efg=eyJlZmdfdGFnIjoiQ0xJUFMuYmVzdF9pbWFnZV91cmxnZW4uQzMifQ%3D%3D&_nc_ohc=HRSIFaq6lisQ7kNvwGcDUlJ&_nc_oc=AdlqdD16BQuLLMO3lZ8783zoaZHv_KPQfyWbzE6GA9nG3i9eM7EMeY7MCntY83YNYuc&_nc_zt=23&_nc_ht=scontent-ord5-1.cdninstagram.com&edm=AL-3X8kEAAAA&_nc_gid=ey4hIBxumNLt4qX_EkCheg&oh=00_AffP6JYGtfujmGydRk8-6bUUJU9iszumnP-Tt11hEs_8Mw&oe=68FE5EEC
18079635002284007,"Jangan sampai salah pronunciation ya 😋
_______

Pengen lancar Bahasa Inggris dengan cara yang asyik dan tanpa ribet? 😎✨ Yuk langsung aja klik link di bio! Mulai perjalanan belajarmu bareng Kampung Inggris LC sekarang! 🚀
_______

#bahasainggris #english #englishlearning #englishlanguage #englishcourse #kampunginggris #kampunginggrislc",CAROUSEL_ALBUM,FEED,https://scontent-ord5-2.cdninstagram.com/v/t51.82787-15/564050432_18510831790066403_3802584755190630394_n.jpg?stp=dst-jpg_e35_tt6&_nc_cat=103&ccb=1-7&_nc_sid=18de74&efg=eyJlZmdfdGFnIjoiQ0FST1VTRUxfSVRFTS5iZXN0X2ltYWdlX3VybGdlbi5DMyJ9&_nc_ohc=tYFoUgVIB0EQ7kNvwE78yTV&_nc_oc=AdlhlhfuQ3sDm9cCgZtHSsp1wDDzS1w9TWAtyxkPCRUHCUKRTliUEEhJCxo5LCMrKXs&_nc_zt=23&_nc_ht=scontent-ord5-2.cdninstagram.com&edm=AL-3X8kEAAAA&_nc_gid=ey4hIBxumNLt4qX_EkCheg&oh=00_AfcuAkvVysUbkNmtaddG5qn3TzymuYhB1Vx548WgnmYLiw&oe=68FE4567,https://www.instagram.com/p/DPp-EXuEvo5/,2025-10-11T04:36:50+0000,1102,15,
18308795827219457,"Aduh dek 😭

🎥 : @/kegoblogan.kekinian 
_______

Pengen lancar Bahasa Inggris dengan cara yang asyik dan tanpa ribet? 😎✨ Yuk langsung aja klik link di bio! Mulai perjalanan belajarmu bareng Kampung Inggris LC sekarang! 🚀
_______

#bahasainggris #english #englishlearning #englishlanguage #englishcourse #kampunginggris #kampunginggrislc",VIDEO,REELS,https://scontent-ord5-2.cdninstagram.com/o1/v/t2/f2/m86/AQNfggH9LJzwOQ8LkO6MZ2Se-x8cQIho-cFJ1AIp1zBSO1MwKWH33J0MZa77ep93tU_WCjiG0one87-0Glpx4Nb4tFiPnt5SJb4_Ub4.mp4?_nc_cat=104&_nc_sid=5e9851&_nc_ht=scontent-ord5-2.cdninstagram.com&_nc_ohc=fHwZYArzGy8Q7kNvwF7t_Kz&efg=eyJ2ZW5jb2RlX3RhZyI6Inhwdl9wcm9ncmVzc2l2ZS5JTlNUQUdSQU0uQ0xJUFMuQzMuNzIwLmRhc2hfYmFzZWxpbmVfMV92MSIsInhwdl9hc3NldF9pZCI6MTc0MDI5NTY3NjY3MTMwMywidmlfdXNlY2FzZV9pZCI6MTAwOTksImR1cmF0aW9uX3MiOjM0LCJ1cmxnZW5fc291cmNlIjoid3d3In0%3D&ccb=17-1&vs=37c8809301bff328&_nc_vs=HBksFQIYUmlnX3hwdl9yZWVsc19wZXJtYW5lbnRfc3JfcHJvZC9CQTRBNDEwNzEzQjlFOUVFN0IzRDc3NTZERTJFNEZCQ192aWRlb19kYXNoaW5pdC5tcDQVAALIARIAFQIYOnBhc3N0aHJvdWdoX2V2ZXJzdG9yZS9HTUR3ZXlIakFkTjlBYUVFQUhmaThsLTQ0dHd0YnN0VEFRQUYVAgLIARIAKAAYABsCiAd1c2Vfb2lsATEScHJvZ3Jlc3NpdmVfcmVjaXBlATEVAAAmjtXlmcWylwYVAigCQzMsF0BBLtkWhysCGBJkYXNoX2Jhc2VsaW5lXzFfdjERAHX-B2XmnQEA&_nc_gid=ey4hIBxumNLt4qX_EkCheg&edm=AL-3X8kEAAAA&_nc_zt=28&oh=00_AfeInk8NGhDP8hy197PESeiQBuAPDFCd0RfWYT3RrsgstQ&oe=68FA8335,https://www.instagram.com/reel/DPpo6f_EkeY/,2025-10-11T01:34:41+0000,2513,41,https://scontent-ord5-2.cdninstagram.com/v/t51.82787-15/561778015_18510812671066403_6707523806865415801_n.jpg?stp=dst-jpg_e35_tt6&_nc_cat=104&ccb=1-7&_nc_sid=18de74&efg=eyJlZmdfdGFnIjoiQ0xJUFMuYmVzdF9pbWFnZV91cmxnZW4uQzMifQ%3D%3D&_nc_ohc=PUVPjxDLylkQ7kNvwGmzYa3&_nc_oc=AdlWHZU8DUUVO5k95WVu8mH2kjjLyhy3zkgd0AZVq_CUN0lbKtHqZypzl8DraphtDAA&_nc_zt=23&_nc_ht=scontent-ord5-2.cdninstagram.com&edm=AL-3X8kEAAAA&_nc_gid=ey4hIBxumNLt4qX_EkCheg&oh=00_AffwOAKbqOwz1IQ4GY2tnMZ95MApAj1O4fXzQHmgs6K1eQ&oe=68FE5C5D
18022587248775471,"Bener berapa nih? 😋
_______

Pengen lancar Bahasa Inggris dengan cara yang asyik dan tanpa ribet? 😎✨ Yuk langsung aja klik link di bio! Mulai perjalanan belajarmu bareng Kampung Inggris LC sekarang! 🚀
_______

#bahasainggris #english #englishlearning #englishlanguage #englishcourse #kampunginggris #kampunginggrislc",VIDEO,REELS,https://scontent-ord5-1.cdninstagram.com/o1/v/t2/f2/m86/AQPDc0RFHKe4Wxx2gO_klIWmsvOhubvHab7QulOks4LcymwTuFfCY1vB1uXpCswheEQvxIP33s9w5FD8EJbkUE4-AjdenwGbuAbntsc.mp4?_nc_cat=111&_nc_sid=5e9851&_nc_ht=scontent-ord5-1.cdninstagram.com&_nc_ohc=2IGIVRnJIN8Q7kNvwFnCoHd&efg=eyJ2ZW5jb2RlX3RhZyI6Inhwdl9wcm9ncmVzc2l2ZS5JTlNUQUdSQU0uQ0xJUFMuQzMuNzIwLmRhc2hfYmFzZWxpbmVfMV92MSIsInhwdl9hc3NldF9pZCI6MjA3NTMyMzMxNjYwNzkyMywidmlfdXNlY2FzZV9pZCI6MTAwOTksImR1cmF0aW9uX3MiOjQxLCJ1cmxnZW5fc291cmNlIjoid3d3In0%3D&ccb=17-1&vs=b377b2ae0e2192a&_nc_vs=HBksFQIYUmlnX3hwdl9yZWVsc19wZXJtYW5lbnRfc3JfcHJvZC9GQTQ2MDgxMjRFRkUzNjgwNUM3QkExREQ0MkNEQzNBMF92aWRlb19kYXNoaW5pdC5tcDQVAALIARIAFQIYOnBhc3N0aHJvdWdoX2V2ZXJzdG9yZS9HRi0wZXlHRnR5N2pGNjhIQUJkNVYxcVRjckYxYnN0VEFRQUYVAgLIARIAKAAYABsCiAd1c2Vfb2lsATEScHJvZ3Jlc3NpdmVfcmVjaXBlATEVAAAm5u6k0dvfrwcVAigCQzMsF0BEwQYk3S8bGBJkYXNoX2Jhc2VsaW5lXzFfdjERAHX-B2XmnQEA&_nc_gid=ey4hIBxumNLt4qX_EkCheg&edm=AL-3X8kEAAAA&_nc_zt=28&oh=00_AfdraFK2FOx2OQlL4kE5funJzr4SS7UXXOanfc66rmd8Jw&oe=68FA6B60,https://www.instagram.com/reel/DPoO9_ukpvC/,2025-10-10T12:27:16+0000,1188,27,https://scontent-ord5-2.cdninstagram.com/v/t51.82787-15/563282941_18510719305066403_6131195448563274807_n.jpg?stp=dst-jpg_e35_tt6&_nc_cat=102&ccb=1-7&_nc_sid=18de74&efg=eyJlZmdfdGFnIjoiQ0xJUFMuYmVzdF9pbWFnZV91cmxnZW4uQzMifQ%3D%3D&_nc_ohc=dnhpA9GlcSsQ7kNvwHMNoIn&_nc_oc=AdnuFVRPZk-POZEAiGIiwOmbrks7qmkRUX-Puf_M19Luh_GerhOt7TFheIuTcsDNJzw&_nc_zt=23&_nc_ht=scontent-ord5-2.cdninstagram.com&edm=AL-3X8kEAAAA&_nc_gid=ey4hIBxumNLt4qX_EkCheg&oh=00_Aff-OU8JdAInRZBrO0h55uA8HdOQq86nNA1UiqqnkImlBw&oe=68FE6539
18068499938589230,Ngobrol santai promo jumat berkah🙌😍,VIDEO,REELS,https://scontent-ord5-3.cdninstagram.com/o1/v/t16/f2/m69/AQOwIlIG8RX4DbOIQJ4foqPZTQBX2qssLwWOzKUhXrl5pOdhSeDBdEiI8FuVt-SIZQmFFIMepv3icD199mcygd2R.mp4?strext=1&_nc_cat=107&_nc_sid=5e9851&_nc_ht=scontent-ord5-3.cdninstagram.com&_nc_ohc=VoY-ZD_hLSMQ7kNvwHOEcBR&efg=eyJ2ZW5jb2RlX3RhZyI6Inhwdl9wcm9ncmVzc2l2ZS5JTlNUQUdSQU0uQ0xJUFMuQzMuNzIwLmRhc2hfYmFzZWxpbmVfMV92MSIsInhwdl9hc3NldF9pZCI6MjQ5MjMzMzUzMDM5NDkzNTksInZpX3VzZWNhc2VfaWQiOjEwMTAyLCJkdXJhdGlvbl9zIjowLCJ1cmxnZW5fc291cmNlIjoid3d3In0%3D&ccb=17-1&vs=ba296c6983875cc5&_nc_vs=HBksFQIYOnBhc3N0aHJvdWdoX2V2ZXJzdG9yZS9HSUNXbUFCZkZSc1FXVHNHQURUSk1WSmpBV0ZBYnFDQkFBQUYVAALIARIAFQIYOnBhc3N0aHJvdWdoX2V2ZXJzdG9yZS9HRXRyZWlFNjB4LVk1X0lDQUV6WGlMekloRHh4YnFDQkFBQUYVAgLIARIAKAAYABsCiAd1c2Vfb2lsATEScHJvZ3Jlc3NpdmVfcmVjaXBlATEVAAAm3rDHtobpxVgVAigCQzMsF0CeEfS8an76GBJkYXNoX2Jhc2VsaW5lXzFfdjERAHX-B2XsnQEA&_nc_gid=ey4hIBxumNLt4qX_EkCheg&edm=AL-3X8kEAAAA&_nc_zt=28&oh=00_AfeOYVp5msz9SLCIEe-fYahks-mc-bucNj8bYtFIS5tVSw&oe=68FE49A9,https://www.instagram.com/reel/DPnoDerEsh6/,2025-10-10T06:46:14+0000,96,1,https://scontent-ord5-1.cdninstagram.com/v/t51.82787-15/561930038_18510652639066403_7313298825523253890_n.jpg?stp=dst-jpg_e35_tt6&_nc_cat=111&ccb=1-7&_nc_sid=18de74&efg=eyJlZmdfdGFnIjoiQ0xJUFMuYmVzdF9pbWFnZV91cmxnZW4uQzMifQ%3D%3D&_nc_ohc=t0ebTnQfDU0Q7kNvwE5BrwE&_nc_oc=AdkrvNtbmX1slJzBJ54qZ-Be1X6r_Qlf7liEEiFHOTQD3REodmbJ3h0meY3oQ5cOAFM&_nc_zt=23&_nc_ht=scontent-ord5-1.cdninstagram.com&edm=AL-3X8kEAAAA&_nc_gid=ey4hIBxumNLt4qX_EkCheg&oh=00_Afebw3J5tt_qSNHsEJ9mOitU-NsDPh5WEKUnF213l36FRQ&oe=68FE498D
17993908577840698,"Ternyata dulu sama sekarang kalimatnya beda ya 
_______

Pengen lancar Bahasa Inggris dengan cara yang asyik dan tanpa ribet? 😎✨ Yuk langsung aja klik link di bio! Mulai perjalanan belajarmu bareng Kampung Inggris LC sekarang! 🚀
_______

#bahasainggris #english #englishlearning #englishlanguage #englishcourse #kampunginggris #kampunginggrislc",CAROUSEL_ALBUM,FEED,https://scontent-ord5-1.cdninstagram.com/v/t51.82787-15/562669839_18510641656066403_2096241275843456556_n.jpg?stp=dst-jpg_e35_tt6&_nc_cat=101&ccb=1-7&_nc_sid=18de74&efg=eyJlZmdfdGFnIjoiQ0FST1VTRUxfSVRFTS5iZXN0X2ltYWdlX3VybGdlbi5DMyJ9&_nc_ohc=U1d-bU3q-HIQ7kNvwGxCqoF&_nc_oc=AdlLVpgz7NRwiXAvddShwT5cEmR2OCxv59hGByHmeoKq_BV_5BaKLfeKWV6vgjox_T0&_nc_zt=23&_nc_ht=scontent-ord5-1.cdninstagram.com&edm=AL-3X8kEAAAA&_nc_gid=ey4hIBxumNLt4qX_EkCheg&oh=00_Afejg2HEy1Y8rDj91cSh1sofWqpKlwnuicrpaUHYfX0hhQ&oe=68FE5786,https://www.instagram.com/p/DPnZVeQEsdV/,2025-10-10T04:37:22+0000,1631,22,
17940743358070850,"Save dulu aja deh, siapa tau kepake 😉
_______

Pengen lancar Bahasa Inggris dengan cara yang asyik dan tanpa ribet? 😎✨ Yuk langsung aja klik link di bio! Mulai perjalanan belajarmu bareng Kampung Inggris LC sekarang! 🚀
_______

#bahasainggris #english #englishlearning #englishlanguage #englishcourse #kampunginggris #kampunginggrislc",VIDEO,REELS,https://scontent-ord5-2.cdninstagram.com/o1/v/t2/f2/m86/AQNLHLTUlbqv3YtKmsoKYqFmPItBr7x980hBh5myA_Qb8-n9nZmwL6yEjxsfFjDRLYqZp-buac4WZYQPUbmXyOqqQUS3Ndn4FMG8_as.mp4?_nc_cat=104&_nc_sid=5e9851&_nc_ht=scontent-ord5-2.cdninstagram.com&_nc_ohc=rnQvt31UVkUQ7kNvwHOABey&efg=eyJ2ZW5jb2RlX3RhZyI6Inhwdl9wcm9ncmVzc2l2ZS5JTlNUQUdSQU0uQ0xJUFMuQzMuNzIwLmRhc2hfYmFzZWxpbmVfMV92MSIsInhwdl9hc3NldF9pZCI6MTEyMzgxNzQ5NjU5ODE3MSwidmlfdXNlY2FzZV9pZCI6MTAwOTksImR1cmF0aW9uX3MiOjcsInVybGdlbl9zb3VyY2UiOiJ3d3cifQ%3D%3D&ccb=17-1&vs=36c81c4383d8698&_nc_vs=HBksFQIYUmlnX3hwdl9yZWVsc19wZXJtYW5lbnRfc3JfcHJvZC84RjQwNUZFNTkzMzQxOTAyNDNGRDYxREY0MjRDNzQ4QV92aWRlb19kYXNoaW5pdC5tcDQVAALIARIAFQIYOnBhc3N0aHJvdWdoX2V2ZXJzdG9yZS9HTEFxTnlHaTFvMFB3ZThHQUI1cEMtaVpRUEJZYnN0VEFRQUYVAgLIARIAKAAYABsCiAd1c2Vfb2lsATEScHJvZ3Jlc3NpdmVfcmVjaXBlATEVAAAmttrq6uSG_wMVAigCQzMsF0Af5WBBiTdMGBJkYXNoX2Jhc2VsaW5lXzFfdjERAHX-B2XmnQEA&_nc_gid=ey4hIBxumNLt4qX_EkCheg&edm=AL-3X8kEAAAA&_nc_zt=28&oh=00_Afd33jqAG2JelVEDnl9Wq_dKk-r9Ci_APvPupYlUGV6kOw&oe=68FA72A5,https://www.instagram.com/reel/DPnC6I1EvrF/,2025-10-10T01:22:38+0000,12258,96,https://scontent-ord5-2.cdninstagram.com/v/t51.82787-15/562389528_18510621880066403_6699550347941586602_n.jpg?stp=dst-jpg_e35_tt6&_nc_cat=102&ccb=1-7&_nc_sid=18de74&efg=eyJlZmdfdGFnIjoiQ0xJUFMuYmVzdF9pbWFnZV91cmxnZW4uQzMifQ%3D%3D&_nc_ohc=f_4LQkMuk64Q7kNvwFpLZkT&_nc_oc=AdnQkh10MkFtjDCb1SvcrPqN_LE3vQ8GjID24OhS4Bk2fhs7m4X0DfPf3diIj2LVeYQ&_nc_zt=23&_nc_ht=scontent-ord5-2.cdninstagram.com&edm=AL-3X8kEAAAA&_nc_gid=ey4hIBxumNLt4qX_EkCheg&oh=00_Afe-Yjn8pXcj8m0ZaSpPEjfZXa7x6VNd2cHGd-IF24pCQg&oe=68FE5992
18080884312972048,"Mari senam jari bersama Minca 🤩
_______

Pengen lancar Bahasa Inggris dengan cara yang asyik dan tanpa ribet? 😎✨ Yuk langsung aja klik link di bio! Mulai perjalanan belajarmu bareng Kampung Inggris LC sekarang! 🚀
_______

#bahasainggris #english #englishlearning #englishlanguage #englishcourse #kampunginggris #kampunginggrislc",VIDEO,REELS,https://scontent-ord5-2.cdninstagram.com/o1/v/t2/f2/m86/AQNnah4HJ5zdocnHAU6LeB5hG7eLVSyucNzO5IrbM809Sbq4qfO64KefLCxvLcGmJtIkZUcBP8j9NZIJQFpIfAeQAywa6SlLf0eR3-w.mp4?_nc_cat=105&_nc_sid=5e9851&_nc_ht=scontent-ord5-2.cdninstagram.com&_nc_ohc=KeL6ZMEPkL0Q7kNvwH9SvZe&efg=eyJ2ZW5jb2RlX3RhZyI6Inhwdl9wcm9ncmVzc2l2ZS5JTlNUQUdSQU0uQ0xJUFMuQzMuNzIwLmRhc2hfYmFzZWxpbmVfMV92MSIsInhwdl9hc3NldF9pZCI6MTE0OTc3ODAwMzc2NjE5NCwidmlfdXNlY2FzZV9pZCI6MTAwOTksImR1cmF0aW9uX3MiOjIwLCJ1cmxnZW5fc291cmNlIjoid3d3In0%3D&ccb=17-1&vs=d1bb266d969cf850&_nc_vs=HBksFQIYUmlnX3hwdl9yZWVsc19wZXJtYW5lbnRfc3JfcHJvZC8zOTQwMjEzRUE0NTdDOEFGN0Q2QzVCQzM1QjBGMjlCMF92aWRlb19kYXNoaW5pdC5tcDQVAALIARIAFQIYOnBhc3N0aHJvdWdoX2V2ZXJzdG9yZS9HQjIxZXlHTEY1dDFScVFFQUJrMEhiVmNOUjVoYnN0VEFRQUYVAgLIARIAKAAYABsCiAd1c2Vfb2lsATEScHJvZ3Jlc3NpdmVfcmVjaXBlATEVAAAm5K7h1_HtigQVAigCQzMsF0A0lkWhysCDGBJkYXNoX2Jhc2VsaW5lXzFfdjERAHX-B2XmnQEA&_nc_gid=ey4hIBxumNLt4qX_EkCheg&edm=AL-3X8kEAAAA&_nc_zt=28&oh=00_Afe3Ly1dzpk3nHrpqBWU3LsVc6Bj8BTx_N7knldsBZO9fw&oe=68FA76BA,https://www.instagram.com/reel/DPlnmtxkpBx/,2025-10-09T12:04:16+0000,188,2,https://scontent-ord5-2.cdninstagram.com/v/t51.82787-15/562654583_18511035814066403_4706061420003893162_n.jpg?stp=dst-jpg_e35_tt6&_nc_cat=102&ccb=1-7&_nc_sid=18de74&efg=eyJlZmdfdGFnIjoiQ0xJUFMuYmVzdF9pbWFnZV91cmxnZW4uQzMifQ%3D%3D&_nc_ohc=eeROIFOXdlcQ7kNvwHiY83w&_nc_oc=AdlwcjcIX46MV8_xUNzfGrivXRkQFOB5Eyu-2a-D9k2e9Kj7AELQUinkKaCR-XgVz20&_nc_zt=23&_nc_ht=scontent-ord5-2.cdninstagram.com&edm=AL-3X8kEAAAA&_nc_gid=ey4hIBxumNLt4qX_EkCheg&oh=00_Afei8VlitzMz6aAkpCBSWf0pIJ8OwabMonsGQDrdpt75Pg&oe=68FE5B00
18059630060565733,"Bener berapa nih? 😋
_______

Pengen lancar Bahasa Inggris dengan cara yang asyik dan tanpa ribet? 😎✨ Yuk langsung aja klik link di bio! Mulai perjalanan belajarmu bareng Kampung Inggris LC sekarang! 🚀
_______

#bahasainggris #english #englishlearning #englishlanguage #englishcourse #kampunginggris #kampunginggrislc",CAROUSEL_ALBUM,FEED,https://scontent-ord5-3.cdninstagram.com/v/t51.82787-15/562000671_18510476494066403_4749850392380494805_n.jpg?stp=dst-jpg_e35_tt6&_nc_cat=110&ccb=1-7&_nc_sid=18de74&efg=eyJlZmdfdGFnIjoiQ0FST1VTRUxfSVRFTS5iZXN0X2ltYWdlX3VybGdlbi5DMyJ9&_nc_ohc=eNPXNGAenbkQ7kNvwFmWaTI&_nc_oc=AdnAmob7AO0gPnaDXKK4uqumwUuA9PpoIjRjTCb5G5IdkPjE6yd6gegq0jyQwNM2N0A&_nc_zt=23&_nc_ht=scontent-ord5-3.cdninstagram.com&edm=AL-3X8kEAAAA&_nc_gid=ey4hIBxumNLt4qX_EkCheg&oh=00_AfdPwJF92JFlribisZThzJTPjeOBZjCf0LLELMrpbbYGsQ&oe=68FE6E98,https://www.instagram.com/p/DPk4Gb_Ejcq/,2025-10-09T05:08:29+0000,967,138,
18309720493217014,"Tiba-tiba banget nih bahasa inggrisnya 😋
_______

Pengen lancar Bahasa Inggris dengan cara yang asyik dan tanpa ribet? 😎✨ Yuk langsung aja klik link di bio! Mulai perjalanan belajarmu bareng Kampung Inggris LC sekarang! 🚀
_______

#bahasainggris #english #englishlearning #englishlanguage #englishcourse #kampunginggris #kampunginggrislc",VIDEO,REELS,https://scontent-ord5-3.cdninstagram.com/o1/v/t2/f2/m86/AQPv1m0LyiGJryPiyER7iYpXu0lkJoGxpfG8XBe9irrqUEfNPW5JOevHVZv1rm6hQ0_afux873l7Ylb4x4cNzRTd2yPHfuY8Nai9RkE.mp4?_nc_cat=107&_nc_sid=5e9851&_nc_ht=scontent-ord5-3.cdninstagram.com&_nc_ohc=9xyZiltvin4Q7kNvwFBR75I&efg=eyJ2ZW5jb2RlX3RhZyI6Inhwdl9wcm9ncmVzc2l2ZS5JTlNUQUdSQU0uQ0xJUFMuQzMuNzIwLmRhc2hfYmFzZWxpbmVfMV92MSIsInhwdl9hc3NldF9pZCI6MjQ1NTI4MzYzOTc3NDk0MjksInZpX3VzZWNhc2VfaWQiOjEwMDk5LCJkdXJhdGlvbl9zIjoyOCwidXJsZ2VuX3NvdXJjZSI6Ind3dyJ9&ccb=17-1&vs=eac4b7ef0388d806&_nc_vs=HBksFQIYUmlnX3hwdl9yZWVsc19wZXJtYW5lbnRfc3JfcHJvZC9BQjQ1NjAxNDA2QjIzRTJGNUM0MzY4QjBFNEQyMTE4Q192aWRlb19kYXNoaW5pdC5tcDQVAALIARIAFQIYOnBhc3N0aHJvdWdoX2V2ZXJzdG9yZS9HQW1ZWGlHeVJyMUVmZWNPQUhBR0pUMnJMMU5OYnN0VEFRQUYVAgLIARIAKAAYABsCiAd1c2Vfb2lsATEScHJvZ3Jlc3NpdmVfcmVjaXBlATEVAAAm6tK6u5arnVcVAigCQzMsF0A8dgQYk3S8GBJkYXNoX2Jhc2VsaW5lXzFfdjERAHX-B2XmnQEA&_nc_gid=ey4hIBxumNLt4qX_EkCheg&edm=AL-3X8kEAAAA&_nc_zt=28&oh=00_Affht_3YP6WUiBOlaoAlyDHMjS5jTFvCkemdE-4afpUJ5w&oe=68FA554C,https://www.instagram.com/reel/DPke9jjkvV8/,2025-10-09T01:29:19+0000,1800,48,https://scontent-ord5-3.cdninstagram.com/v/t51.82787-15/561620269_18510467200066403_7004989821771249706_n.jpg?stp=dst-jpg_e35_tt6&_nc_cat=106&ccb=1-7&_nc_sid=18de74&efg=eyJlZmdfdGFnIjoiQ0xJUFMuYmVzdF9pbWFnZV91cmxnZW4uQzMifQ%3D%3D&_nc_ohc=F54ZRi6WOjkQ7kNvwHB_H8q&_nc_oc=AdlHKXsaH1RmY9dv7XBcb3dDYjJO9QNZqxbS79vt2Ib0xz8VvukhjvQqD7VeLtK_bXU&_nc_zt=23&_nc_ht=scontent-ord5-3.cdninstagram.com&edm=AL-3X8kEAAAA&_nc_gid=ey4hIBxumNLt4qX_EkCheg&oh=00_Afcmhj_zEwa1QUjcUnTQ1UThHI1pPmmRjbnheOtrCRf6-Q&oe=68FE6928
18079619969089538,"Dretek apaan sih? 🥹
_______

Pengen lancar Bahasa Inggris dengan cara yang asyik dan tanpa ribet? 😎✨ Yuk langsung aja klik link di bio! Mulai perjalanan belajarmu bareng Kampung Inggris LC sekarang! 🚀
_______

#bahasainggris #english #englishlearning #englishlanguage #englishcourse #kampunginggris #kampunginggrislc",VIDEO,REELS,https://scontent-ord5-3.cdninstagram.com/o1/v/t2/f2/m86/AQMfj4Ln8xWWDKiebS7IhQZPuB6kbI6KIsxWtt1pqEJtxQYUzeq5XQHCsMJ2NuHF5mASI5gsjBSdWMHua7d2D5ZYdBBuXNt3Zcrw2_k.mp4?_nc_cat=100&_nc_sid=5e9851&_nc_ht=scontent-ord5-3.cdninstagram.com&_nc_ohc=x-pcu5pADbkQ7kNvwHywcvV&efg=eyJ2ZW5jb2RlX3RhZyI6Inhwdl9wcm9ncmVzc2l2ZS5JTlNUQUdSQU0uQ0xJUFMuQzMuNzIwLmRhc2hfYmFzZWxpbmVfMV92MSIsInhwdl9hc3NldF9pZCI6MTE5Mzc3NTQyNTkwNzgxNCwidmlfdXNlY2FzZV9pZCI6MTAwOTksImR1cmF0aW9uX3MiOjksInVybGdlbl9zb3VyY2UiOiJ3d3cifQ%3D%3D&ccb=17-1&vs=1611e7a810d4df2b&_nc_vs=HBksFQIYUmlnX3hwdl9yZWVsc19wZXJtYW5lbnRfc3JfcHJvZC8yRjQ2MUM3MjA2MTVFMDAwNzFFRTgxNTk3MUQ2QjNBQV92aWRlb19kYXNoaW5pdC5tcDQVAALIARIAFQIYOnBhc3N0aHJvdWdoX2V2ZXJzdG9yZS9HSGlkYVNFSWFfU0RVLW9DQUg3WlE0SlFWeU5aYnN0VEFRQUYVAgLIARIAKAAYABsCiAd1c2Vfb2lsATEScHJvZ3Jlc3NpdmVfcmVjaXBlATEVAAAmzLGfg_DungQVAigCQzMsF0AiawIMSbpeGBJkYXNoX2Jhc2VsaW5lXzFfdjERAHX-B2XmnQEA&_nc_gid=ey4hIBxumNLt4qX_EkCheg&edm=AL-3X8kEAAAA&_nc_zt=28&oh=00_Aff2gz1X9V7T4XS6Nozy_FVTBO6LXafkv_dpWT6XGtakrw&oe=68FA624D,https://www.instagram.com/reel/DPjCeAgEk3f/,2025-10-08T12:01:33+0000,286,26,https://scontent-ord5-2.cdninstagram.com/v/t51.82787-15/561804183_18510355774066403_165860066137912607_n.jpg?stp=dst-jpg_e35_tt6&_nc_cat=102&ccb=1-7&_nc_sid=18de74&efg=eyJlZmdfdGFnIjoiQ0xJUFMuYmVzdF9pbWFnZV91cmxnZW4uQzMifQ%3D%3D&_nc_ohc=l0n_OrT0hIwQ7kNvwGe2KjB&_nc_oc=Adm3nv46YFtvTFh_CYYP0-91mIFCPpcx2s-w4vt8LW72DO3dJlFEqPhO6ZHbz_GU68Y&_nc_zt=23&_nc_ht=scontent-ord5-2.cdninstagram.com&edm=AL-3X8kEAAAA&_nc_gid=ey4hIBxumNLt4qX_EkCheg&oh=00_Afcw6ptb1UFgch_GiyohKCxhJz-JapIyLgrlrRjbF7oPCQ&oe=68FE59DD
17946125805051974,"Kecil-kecil cabe rawit nih adiknya! Masih kecil tapi udah  pinter speaking inggrisnya🔥🤩
_______

Pengen lancar Bahasa Inggris dengan cara yang asyik dan tanpa ribet? 😎✨ Yuk langsung aja klik link di bio! Mulai perjalanan belajarmu bareng Kampung Inggris LC sekarang! 🚀
_______

#bahasainggris #english #englishlearning #englishlanguage #englishcourse #kampunginggris #kampunginggrislc",CAROUSEL_ALBUM,FEED,https://scontent-ord5-2.cdninstagram.com/v/t51.82787-15/559854463_18510291211066403_4502620721273975671_n.jpg?stp=dst-jpg_e35_tt6&_nc_cat=105&ccb=1-7&_nc_sid=18de74&efg=eyJlZmdfdGFnIjoiQ0FST1VTRUxfSVRFTS5iZXN0X2ltYWdlX3VybGdlbi5DMyJ9&_nc_ohc=ik2udgN_qv4Q7kNvwEwqLG_&_nc_oc=Adkny7aQNd0EmNN-BTFaBIQr5rWP8ZkVcrrjB7e3h8aCD8CW3ISe06BLr0cFI4GUXfI&_nc_zt=23&_nc_ht=scontent-ord5-2.cdninstagram.com&edm=AL-3X8kEAAAA&_nc_gid=ey4hIBxumNLt4qX_EkCheg&oh=00_Afe4QGj8XucpogdH_HJ0UbfuMiEQv65cM7IeOKfqOaa8bQ&oe=68FE4E61,https://www.instagram.com/p/DPiSt2VEpY6/,2025-10-08T05:03:20+0000,339,2,
18060055799167444,"Coba aja mas nya tanya Minca dulu 😶
_______

Pengen lancar Bahasa Inggris dengan cara yang asyik dan tanpa ribet? 😎✨ Yuk langsung aja klik link di bio! Mulai perjalanan belajarmu bareng Kampung Inggris LC sekarang! 🚀
_______

#bahasainggris #english #englishlearning #englishlanguage #englishcourse #kampunginggris #kampunginggrislc",VIDEO,REELS,https://scontent-ord5-1.cdninstagram.com/o1/v/t2/f2/m86/AQMZy72em44kDQI143LDSB9_Pkf0YgWO6ekZFmbsnaoshKk-fZRPeQeUVDzveCQRpnJ3RugOFeEuyrmUhSAZo1h3xjzvKckw-QHPIOs.mp4?_nc_cat=101&_nc_sid=5e9851&_nc_ht=scontent-ord5-1.cdninstagram.com&_nc_ohc=YIPHfg1c_IUQ7kNvwFV-Eeo&efg=eyJ2ZW5jb2RlX3RhZyI6Inhwdl9wcm9ncmVzc2l2ZS5JTlNUQUdSQU0uQ0xJUFMuQzMuNzIwLmRhc2hfYmFzZWxpbmVfMV92MSIsInhwdl9hc3NldF9pZCI6MTMyMTc3NDgwODgxNDkzOCwidmlfdXNlY2FzZV9pZCI6MTAwOTksImR1cmF0aW9uX3MiOjUyLCJ1cmxnZW5fc291cmNlIjoid3d3In0%3D&ccb=17-1&vs=4c6e2795a2315af2&_nc_vs=HBksFQIYUmlnX3hwdl9yZWVsc19wZXJtYW5lbnRfc3JfcHJvZC8zRDRDQjU0NUIyRjBDMzREOTE1NTE0Q0NBMTIyNDM4Ml92aWRlb19kYXNoaW5pdC5tcDQVAALIARIAFQIYOnBhc3N0aHJvdWdoX2V2ZXJzdG9yZS9HRkVhWlNIU092MnZvVklHQUF2QmxtVDRlTjlYYnN0VEFRQUYVAgLIARIAKAAYABsCiAd1c2Vfb2lsATEScHJvZ3Jlc3NpdmVfcmVjaXBlATEVAAAmtNWe37WJ2QQVAigCQzMsF0BKZJul41P4GBJkYXNoX2Jhc2VsaW5lXzFfdjERAHX-B2XmnQEA&_nc_gid=ey4hIBxumNLt4qX_EkCheg&edm=AL-3X8kEAAAA&_nc_zt=28&oh=00_AfdSkSCcCJznQZrpHFbtT-7paclmWdRoB2CLWU42jLIHPA&oe=68FA598E,https://www.instagram.com/reel/DPh5WcTEn6f/,2025-10-08T01:24:15+0000,2537,119,https://scontent-ord5-3.cdninstagram.com/v/t51.82787-15/560369538_18510271984066403_7030769408257344891_n.jpg?stp=dst-jpg_e35_tt6&_nc_cat=109&ccb=1-7&_nc_sid=18de74&efg=eyJlZmdfdGFnIjoiQ0xJUFMuYmVzdF9pbWFnZV91cmxnZW4uQzMifQ%3D%3D&_nc_ohc=_t59JE_7ZvUQ7kNvwEMAiPb&_nc_oc=AdmbLVCkWoZvK6f4DaMUvxdrE65RW58dq-xHocaAtg-T0WHnRlnEMyEEbuUyllFMtVs&_nc_zt=23&_nc_ht=scontent-ord5-3.cdninstagram.com&edm=AL-3X8kEAAAA&_nc_gid=ey4hIBxumNLt4qX_EkCheg&oh=00_AfcQPtLOYvFhuovszjiDZx2sZpr-xz5zvVRxtVXNClB9Wg&oe=68FE5F3E
17961477134840349,"Say no to nge freeze pas belajar bahasa inggris 🤨
_______

Pengen lancar Bahasa Inggris dengan cara yang asyik dan tanpa ribet? 😎✨ Yuk langsung aja klik link di bio! Mulai perjalanan belajarmu bareng Kampung Inggris LC sekarang! 🚀
_______

#bahasainggris #english #englishlearning #englishlanguage #englishcourse #kampunginggris #kampunginggrislc",VIDEO,REELS,https://scontent-ord5-1.cdninstagram.com/o1/v/t2/f2/m86/AQN9Q8ZuywcrExJlC0e3MYp4L3lA3lQ6WMIdvXfmiPVaFtV1ZXgCEOtIRBsMLgtd4Qpzysx2LzWCSJ-9A7hYoF1aklESKMbq16BAQoY.mp4?_nc_cat=111&_nc_sid=5e9851&_nc_ht=scontent-ord5-1.cdninstagram.com&_nc_ohc=UsGwiHx9rMYQ7kNvwHL2-V6&efg=eyJ2ZW5jb2RlX3RhZyI6Inhwdl9wcm9ncmVzc2l2ZS5JTlNUQUdSQU0uQ0xJUFMuQzMuNzIwLmRhc2hfYmFzZWxpbmVfMV92MSIsInhwdl9hc3NldF9pZCI6MTk3MjE2MTU0MzU3NDYzNywidmlfdXNlY2FzZV9pZCI6MTAwOTksImR1cmF0aW9uX3MiOjQ0LCJ1cmxnZW5fc291cmNlIjoid3d3In0%3D&ccb=17-1&vs=b906d30e1182b11f&_nc_vs=HBksFQIYUmlnX3hwdl9yZWVsc19wZXJtYW5lbnRfc3JfcHJvZC9DRTQwMTA2N0Y2NUM2MTFGQkEyMjM3N0YxNjE2NThBRV92aWRlb19kYXNoaW5pdC5tcDQVAALIARIAFQIYOnBhc3N0aHJvdWdoX2V2ZXJzdG9yZS9HSExwZXlIcXJ1VzhiN1VHQU5ua3BtRnhfcVoyYnFfRUFBQUYVAgLIARIAKAAYABsCiAd1c2Vfb2lsATEScHJvZ3Jlc3NpdmVfcmVjaXBlATEVAAAm2tH0w_TqgAcVAigCQzMsF0BGczMzMzMzGBJkYXNoX2Jhc2VsaW5lXzFfdjERAHX-B2XmnQEA&_nc_gid=ey4hIBxumNLt4qX_EkCheg&edm=AL-3X8kEAAAA&_nc_zt=28&oh=00_AfcKZOrRnSVnllV8uHxflefUPDdk3x1fqsVgYtaiIr3lRg&oe=68FA6830,https://www.instagram.com/reel/DPgd4YEkWOZ/,2025-10-07T12:03:44+0000,91,0,https://scontent-ord5-1.cdninstagram.com/v/t51.82787-15/560360589_18510282799066403_7715072794990533004_n.jpg?stp=dst-jpg_e35_tt6&_nc_cat=111&ccb=1-7&_nc_sid=18de74&efg=eyJlZmdfdGFnIjoiQ0xJUFMuYmVzdF9pbWFnZV91cmxnZW4uQzMifQ%3D%3D&_nc_ohc=vAgzRqYDy5IQ7kNvwFFCsIm&_nc_oc=AdkgwUz48iCVYuGqzNl_Sru2IEh_JDYcZn1qROqyr9nFVXH-H0xcj0pDG50VBc36k0s&_nc_zt=23&_nc_ht=scontent-ord5-1.cdninstagram.com&edm=AL-3X8kEAAAA&_nc_gid=ey4hIBxumNLt4qX_EkCheg&oh=00_AfeE347grTRwQw1yEhzKId7bhyLlLn5g75CvWAisQ971ug&oe=68FE6845
18081692588054842,"Kamu mau nyanyi lagu yang mana? 
_______

Pengen lancar Bahasa Inggris dengan cara yang asyik dan tanpa ribet? 😎✨ Yuk langsung aja klik link di bio! Mulai perjalanan belajarmu bareng Kampung Inggris LC sekarang! 🚀
_______

#bahasainggris #english #englishlearning #englishlanguage #englishcourse #kampunginggris #kampunginggrislc",CAROUSEL_ALBUM,FEED,https://scontent-ord5-1.cdninstagram.com/v/t51.82787-15/559420653_18510139801066403_8910124268760376881_n.jpg?stp=dst-jpg_e35_tt6&_nc_cat=111&ccb=1-7&_nc_sid=18de74&efg=eyJlZmdfdGFnIjoiQ0FST1VTRUxfSVRFTS5iZXN0X2ltYWdlX3VybGdlbi5DMyJ9&_nc_ohc=H1wF8pagKc0Q7kNvwEvZXTM&_nc_oc=AdnGn_tpAG2uUvu2gRVjT7L6tgK0VpOquU4vltmzAKxr7FkFXt3qoaXSmtmulVCjsx4&_nc_zt=23&_nc_ht=scontent-ord5-1.cdninstagram.com&edm=AL-3X8kEAAAA&_nc_gid=ey4hIBxumNLt4qX_EkCheg&oh=00_AfdxBNS2_BxqVZ9QiQjkmwH9H7J8XSo5IWvHKA--_YW0Rw&oe=68FE662E,https://www.instagram.com/p/DPfwSKSEYaa/,2025-10-07T05:23:58+0000,1758,35,
18020916188770290,"Seharusnya start belajar dari sekarang gak sih 
_______

Pengen lancar Bahasa Inggris dengan cara yang asyik dan tanpa ribet? 😎✨ Yuk langsung aja klik link di bio! Mulai perjalanan belajarmu bareng Kampung Inggris LC sekarang! 🚀
_______

#bahasainggris #english #englishlearning #englishlanguage #englishcourse #kampunginggris #kampunginggrislc",VIDEO,REELS,https://scontent-ord5-3.cdninstagram.com/o1/v/t2/f2/m86/AQMCVol7Hh2zGzxrfUhLYEmgoKSeOCdFefq2UXSpPYQ3cR8yu9vH8f7_3atiKbV68gdQw9EW9984wEk-gnolVEMTeV7FkDaQflLftZU.mp4?_nc_cat=106&_nc_sid=5e9851&_nc_ht=scontent-ord5-3.cdninstagram.com&_nc_ohc=z9rjbFAPD5oQ7kNvwHSekxu&efg=eyJ2ZW5jb2RlX3RhZyI6Inhwdl9wcm9ncmVzc2l2ZS5JTlNUQUdSQU0uQ0xJUFMuQzMuNzIwLmRhc2hfYmFzZWxpbmVfMV92MSIsInhwdl9hc3NldF9pZCI6MTUyMTg5Njc1ODk2NjMwNSwidmlfdXNlY2FzZV9pZCI6MTAwOTksImR1cmF0aW9uX3MiOjMyLCJ1cmxnZW5fc291cmNlIjoid3d3In0%3D&ccb=17-1&vs=3f42aea621b43d40&_nc_vs=HBksFQIYUmlnX3hwdl9yZWVsc19wZXJtYW5lbnRfc3JfcHJvZC81NjREN0ZGNkQ1OUQyRDVGMDlEMTI5NkU5RUI0RDdBRV92aWRlb19kYXNoaW5pdC5tcDQVAALIARIAFQIYOnBhc3N0aHJvdWdoX2V2ZXJzdG9yZS9HSHF1RXlFOVk4Sy1QUTREQUQ2WnBRZl9fUDlpYnFfRUFBQUYVAgLIARIAKAAYABsCiAd1c2Vfb2lsATEScHJvZ3Jlc3NpdmVfcmVjaXBlATEVAAAmwuCfu4aKtAUVAigCQzMsF0BAf987ZFodGBJkYXNoX2Jhc2VsaW5lXzFfdjERAHX-B2XmnQEA&_nc_gid=ey4hIBxumNLt4qX_EkCheg&edm=AL-3X8kEAAAA&_nc_zt=28&oh=00_AfcrhA23WTcjl9TVOb2_JokthSBfUALqeXdbW8-1IQNDhw&oe=68FA6E2B,https://www.instagram.com/reel/DPfYWHBibdS/,2025-10-07T01:56:58+0000,2821,53,https://scontent-ord5-1.cdninstagram.com/v/t51.82787-15/561085108_18510099136066403_6971124518643932764_n.jpg?stp=dst-jpg_e35_tt6&_nc_cat=111&ccb=1-7&_nc_sid=18de74&efg=eyJlZmdfdGFnIjoiQ0xJUFMuYmVzdF9pbWFnZV91cmxnZW4uQzMifQ%3D%3D&_nc_ohc=vZ2U65iIyjMQ7kNvwHZWygc&_nc_oc=AdldXIYCHhvZbMp1wDifIJbJkYO8WCHnt2z0DUE-VSb2ijlhq0JCaVt0wDfPOsOH-J8&_nc_zt=23&_nc_ht=scontent-ord5-1.cdninstagram.com&edm=AL-3X8kEAAAA&_nc_gid=ey4hIBxumNLt4qX_EkCheg&oh=00_AffZbHsox4CLrJeSeqlyDKhj3dys_nSUUnvtMs5plrzuGA&oe=68FE631D
17892694761201708,"Belajar tau progress pasti rasanya aneh banget, soalnya bikin kita jadi ratu untuk melangkah 🥹
_______

Pengen lancar Bahasa Inggris dengan cara yang asyik dan tanpa ribet? 😎✨ Yuk langsung aja klik link di bio! Mulai perjalanan belajarmu bareng Kampung Inggris LC sekarang! 🚀
_______

#bahasainggris #english #englishlearning #englishlanguage #englishcourse #kampunginggris #kampunginggrislc",VIDEO,REELS,https://scontent-ord5-3.cdninstagram.com/o1/v/t2/f2/m86/AQPSQ7evI5p3X70JITIDA-gzDO_ZTabFoxUc__JmGQ1u4DYrB3Zf33dR9qhvpLuxh9JjNUHLAnvK36EERMn4_BuKvHOIZ6vd7MU4e60.mp4?_nc_cat=110&_nc_sid=5e9851&_nc_ht=scontent-ord5-3.cdninstagram.com&_nc_ohc=t7OoP3h8-l0Q7kNvwGewfaO&efg=eyJ2ZW5jb2RlX3RhZyI6Inhwdl9wcm9ncmVzc2l2ZS5JTlNUQUdSQU0uQ0xJUFMuQzMuNzIwLmRhc2hfYmFzZWxpbmVfMV92MSIsInhwdl9hc3NldF9pZCI6MjI0NDE2MjAyMjc2MjM4MywidmlfdXNlY2FzZV9pZCI6MTAwOTksImR1cmF0aW9uX3MiOjQwLCJ1cmxnZW5fc291cmNlIjoid3d3In0%3D&ccb=17-1&vs=aa0f20e5361c7644&_nc_vs=HBksFQIYUmlnX3hwdl9yZWVsc19wZXJtYW5lbnRfc3JfcHJvZC8zQTQ4OUVCQzQ2RTkyRDgyRTRENTgzNUNDQjJGNjk4OF92aWRlb19kYXNoaW5pdC5tcDQVAALIARIAFQIYOnBhc3N0aHJvdWdoX2V2ZXJzdG9yZS9HTmtfZHlHbHE0MzJlVzhGQU1EV1FuY0JROFlFYnFfRUFBQUYVAgLIARIAKAAYABsCiAd1c2Vfb2lsATEScHJvZ3Jlc3NpdmVfcmVjaXBlATEVAAAmnp77grbD_AcVAigCQzMsF0BEeFHrhR64GBJkYXNoX2Jhc2VsaW5lXzFfdjERAHX-B2XmnQEA&_nc_gid=ey4hIBxumNLt4qX_EkCheg&edm=AL-3X8kEAAAA&_nc_zt=28&oh=00_AffB9fp2hhWuFUlHrMS3HuNUlxBKEzgusUg86ZF-C1IEzQ&oe=68FA7D63,https://www.instagram.com/reel/DPd5fAiCOc4/,2025-10-06T12:08:14+0000,132,0,https://scontent-ord5-3.cdninstagram.com/v/t51.82787-15/561104873_18510109903066403_4536061476868915996_n.jpg?stp=dst-jpg_e35_tt6&_nc_cat=107&ccb=1-7&_nc_sid=18de74&efg=eyJlZmdfdGFnIjoiQ0xJUFMuYmVzdF9pbWFnZV91cmxnZW4uQzMifQ%3D%3D&_nc_ohc=Vb73ak6lDBkQ7kNvwFQ7mP2&_nc_oc=AdnjYcJk3lPZfTkfdZxw1bE3IYwznxfnDp_6I6MC8agwODASs1PpL6I6xX4kRGPSA5Y&_nc_zt=23&_nc_ht=scontent-ord5-3.cdninstagram.com&edm=AL-3X8kEAAAA&_nc_gid=ey4hIBxumNLt4qX_EkCheg&oh=00_AfeNXzFb3TCBYapeOmM4JLyqbNi9eAYwtt64aQ6eUEUT7A&oe=68FE59CE
18120401713502410,"Kalau ada 9 nyawa, kamu mau apa? 
_______

Pengen lancar Bahasa Inggris dengan cara yang asyik dan tanpa ribet? 😎✨ Yuk langsung aja klik link di bio! Mulai perjalanan belajarmu bareng Kampung Inggris LC sekarang! 🚀
_______

#bahasainggris #english #englishlearning #englishlanguage #englishcourse #kampunginggris #kampunginggrislc",CAROUSEL_ALBUM,FEED,https://scontent-ord5-3.cdninstagram.com/v/t51.82787-15/560938200_18509888980066403_3635239388421038707_n.jpg?stp=dst-jpg_e35_tt6&_nc_cat=110&ccb=1-7&_nc_sid=18de74&efg=eyJlZmdfdGFnIjoiQ0FST1VTRUxfSVRFTS5iZXN0X2ltYWdlX3VybGdlbi5DMyJ9&_nc_ohc=YzYS-q4JphQQ7kNvwGsl-oa&_nc_oc=Adm_AMIBrg9nBNaTXmq9VxxYHbDQtFcq6iNLZi1Jq5tZ0bIL8_iOxrt5jxnSC4gsqV4&_nc_zt=23&_nc_ht=scontent-ord5-3.cdninstagram.com&edm=AL-3X8kEAAAA&_nc_gid=ey4hIBxumNLt4qX_EkCheg&oh=00_Afc_Zw5EBC7TPVpDs4ai1GuVdhE_u5-5wOA_GnXvwwGxnA&oe=68FE5F62,https://www.instagram.com/p/DPdI_uPEjPB/,2025-10-06T05:02:11+0000,273,9,
18094244185706369,"Will you study english with Minca? 🤩
_______

Pengen lancar Bahasa Inggris dengan cara yang asyik dan tanpa ribet? 😎✨ Yuk langsung aja klik link di bio! Mulai perjalanan belajarmu bareng Kampung Inggris LC sekarang! 🚀
_______

#bahasainggris #english #englishlearning #englishlanguage #englishcourse #kampunginggris #kampunginggrislc",VIDEO,REELS,https://scontent-ord5-2.cdninstagram.com/o1/v/t2/f2/m86/AQNgZ2AVLL_tdzvtv2o2HE41oeGIYGXIM_cYohRIgArC2MfGC3JFOrCyHF2GZZD2bkVVpCM0fjUe5LM8wwLm7wgGoa85Dqb78dv4zMo.mp4?_nc_cat=104&_nc_sid=5e9851&_nc_ht=scontent-ord5-2.cdninstagram.com&_nc_ohc=GoBpp9pgTCgQ7kNvwFKT1x2&efg=eyJ2ZW5jb2RlX3RhZyI6Inhwdl9wcm9ncmVzc2l2ZS5JTlNUQUdSQU0uQ0xJUFMuQzMuNzIwLmRhc2hfYmFzZWxpbmVfMV92MSIsInhwdl9hc3NldF9pZCI6ODUyNDQzODI3NDQzODE2LCJ2aV91c2VjYXNlX2lkIjoxMDA5OSwiZHVyYXRpb25fcyI6OCwidXJsZ2VuX3NvdXJjZSI6Ind3dyJ9&ccb=17-1&vs=8fc1fbdf272b5bab&_nc_vs=HBksFQIYUmlnX3hwdl9yZWVsc19wZXJtYW5lbnRfc3JfcHJvZC83MjRGMkI3QkI1RUI3OTIyQzg2RTBBMzMzNDg1MDVBQl92aWRlb19kYXNoaW5pdC5tcDQVAALIARIAFQIYOnBhc3N0aHJvdWdoX2V2ZXJzdG9yZS9HQW44Y3lIY184ZXhmZFFFQUthX1Q3aWhPYzFqYnFfRUFBQUYVAgLIARIAKAAYABsCiAd1c2Vfb2lsATEScHJvZ3Jlc3NpdmVfcmVjaXBlATEVAAAm0OG0uOHSgwMVAigCQzMsF0Ah8zMzMzMzGBJkYXNoX2Jhc2VsaW5lXzFfdjERAHX-B2XmnQEA&_nc_gid=ey4hIBxumNLt4qX_EkCheg&edm=AL-3X8kEAAAA&_nc_zt=28&oh=00_Aff2FBoZzi2c9lJn0TfoRstNO5-dySGXxeJl6PbpN2coyA&oe=68FA80F9,https://www.instagram.com/reel/DPc0Jn4CH2y/,2025-10-06T02:00:41+0000,1973,353,https://scontent-ord5-2.cdninstagram.com/v/t51.82787-15/560322371_18509843998066403_6127260693781301682_n.jpg?stp=dst-jpg_e35_tt6&_nc_cat=103&ccb=1-7&_nc_sid=18de74&efg=eyJlZmdfdGFnIjoiQ0xJUFMuYmVzdF9pbWFnZV91cmxnZW4uQzMifQ%3D%3D&_nc_ohc=x02_INjFivYQ7kNvwFIMSMr&_nc_oc=AdmZZODiMQqDVK6YFCwAP7arq16A8k57kFvGvKz3V3d5rCElFmEQ5zDDazcoCJv1qYw&_nc_zt=23&_nc_ht=scontent-ord5-2.cdninstagram.com&edm=AL-3X8kEAAAA&_nc_gid=ey4hIBxumNLt4qX_EkCheg&oh=00_AffN1_18Hehf17fKa5cWACYXxGd4u6MyM2l43c2mFQ1ELg&oe=68FE4AAD
